family,group,exp,model,method,variant,train_len,eval_len,step,benchmark,pass@1,pass@4,pass@8,pass@32
1.5B main,r1-1.5b-16k,grpo,r1-1.5b,grpo,none,16384,16384,20,livecodebench_v5,0.1742831541218638,0.26272401433691756,0.3010752688172043,
1.5B main,r1-1.5b-16k,grpo,r1-1.5b,grpo,none,16384,16384,20,livecodebench_v6,0.13857142857142857,0.18832653061224489,0.21142857142857144,
1.5B main,r1-1.5b-16k,grpo,r1-1.5b,grpo,none,16384,16384,20,aime2024,0.27291666666666664,,,0.7
1.5B main,r1-1.5b-16k,grpo,r1-1.5b,grpo,none,16384,16384,20,aime2025,0.23854166666666668,,,0.5666666666666667
1.5B main,r1-1.5b-16k,grpo,r1-1.5b,grpo,none,16384,16384,50,livecodebench_v5,0.1693548387096774,0.26666666666666666,0.31899641577060933,
1.5B main,r1-1.5b-16k,grpo,r1-1.5b,grpo,none,16384,16384,50,livecodebench_v6,0.13857142857142857,0.18375510204081633,0.2,
1.5B main,r1-1.5b-16k,grpo,r1-1.5b,grpo,none,16384,16384,50,aime2024,0.2708333333333333,,,0.7333333333333333
1.5B main,r1-1.5b-16k,grpo,r1-1.5b,grpo,none,16384,16384,50,aime2025,0.23541666666666666,,,0.5
1.5B main,r1-1.5b-16k,grpo,r1-1.5b,grpo,none,16384,16384,80,livecodebench_v5,0.18772401433691757,0.2841781874039938,0.33691756272401435,
1.5B main,r1-1.5b-16k,grpo,r1-1.5b,grpo,none,16384,16384,80,livecodebench_v6,0.135,0.18522448979591835,0.2057142857142857,
1.5B main,r1-1.5b-16k,grpo,r1-1.5b,grpo,none,16384,16384,80,aime2024,0.28541666666666665,,,0.7666666666666667
1.5B main,r1-1.5b-16k,grpo,r1-1.5b,grpo,none,16384,16384,80,aime2025,0.2604166666666667,,,0.5666666666666667
1.5B main,r1-1.5b-16k,grpo,r1-1.5b,grpo,none,16384,8192,80,aime2024,0.2375,,,0.7
1.5B main,r1-1.5b-16k,grpo,r1-1.5b,grpo,none,16384,16384,105,livecodebench_v5,0.18458781362007168,0.2762416794674859,0.31899641577060933,
1.5B main,r1-1.5b-16k,grpo,r1-1.5b,grpo,none,16384,16384,105,livecodebench_v6,0.12785714285714286,0.18171428571428572,0.2,
1.5B main,r1-1.5b-16k,grpo,r1-1.5b,grpo,none,16384,16384,105,aime2024,0.29791666666666666,,,0.7
1.5B main,r1-1.5b-16k,grpo,r1-1.5b,grpo,none,16384,16384,105,aime2025,0.24791666666666667,,,0.5333333333333333
1.5B main,r1-1.5b-16k,in,r1-1.5b,intuitor,none,16384,16384,20,livecodebench_v5,0.16621863799283154,0.25760368663594474,0.30824372759856633,
1.5B main,r1-1.5b-16k,in,r1-1.5b,intuitor,none,16384,16384,20,livecodebench_v6,0.13,0.17910204081632652,0.2057142857142857,
1.5B main,r1-1.5b-16k,in,r1-1.5b,intuitor,none,16384,16384,20,aime2024,0.29375,,,0.7333333333333333
1.5B main,r1-1.5b-16k,in,r1-1.5b,intuitor,none,16384,16384,20,aime2025,0.22916666666666666,,,0.4666666666666667
1.5B main,r1-1.5b-16k,in,r1-1.5b,intuitor,none,16384,16384,50,livecodebench_v5,0.1581541218637993,0.24372759856630824,0.2903225806451613,
1.5B main,r1-1.5b-16k,in,r1-1.5b,intuitor,none,16384,16384,50,livecodebench_v6,0.12785714285714286,0.18220408163265306,0.2057142857142857,
1.5B main,r1-1.5b-16k,in,r1-1.5b,intuitor,none,16384,16384,50,aime2024,0.27708333333333335,,,0.7666666666666667
1.5B main,r1-1.5b-16k,in,r1-1.5b,intuitor,none,16384,16384,50,aime2025,0.21354166666666666,,,0.5
1.5B main,r1-1.5b-16k,in,r1-1.5b,intuitor,none,16384,16384,80,livecodebench_v5,0.1267921146953405,0.195852534562212,0.22939068100358423,
1.5B main,r1-1.5b-16k,in,r1-1.5b,intuitor,none,16384,16384,80,livecodebench_v6,0.11642857142857142,0.16669387755102041,0.19428571428571428,
1.5B main,r1-1.5b-16k,in,r1-1.5b,intuitor,none,16384,16384,80,aime2024,0.21145833333333333,,,0.6666666666666666
1.5B main,r1-1.5b-16k,in,r1-1.5b,intuitor,none,16384,16384,80,aime2025,0.18229166666666666,,,0.5333333333333333
1.5B main,r1-1.5b-16k,in,r1-1.5b,intuitor,none,16384,16384,105,livecodebench_v5,0.11872759856630824,0.17967229902713774,0.20430107526881722,
1.5B main,r1-1.5b-16k,in,r1-1.5b,intuitor,none,16384,16384,105,livecodebench_v6,0.11428571428571428,0.15779591836734694,0.17714285714285713,
1.5B main,r1-1.5b-16k,in,r1-1.5b,intuitor,none,16384,16384,105,aime2024,0.18125,,,0.6
1.5B main,r1-1.5b-16k,in,r1-1.5b,intuitor,none,16384,16384,105,aime2025,0.17395833333333333,,,0.4666666666666667
1.5B main,r1-1.5b-16k,tok,r1-1.5b,token_entropy,none,16384,16384,20,livecodebench_v5,0.17204301075268819,0.26804915514592936,0.31899641577060933,
1.5B main,r1-1.5b-16k,tok,r1-1.5b,token_entropy,none,16384,16384,20,livecodebench_v6,0.1357142857142857,0.1930612244897959,0.22285714285714286,
1.5B main,r1-1.5b-16k,tok,r1-1.5b,token_entropy,none,16384,16384,20,aime2024,0.271875,,,0.7333333333333333
1.5B main,r1-1.5b-16k,tok,r1-1.5b,token_entropy,none,16384,16384,20,aime2025,0.23958333333333334,,,0.5333333333333333
1.5B main,r1-1.5b-16k,tok,r1-1.5b,token_entropy,none,16384,16384,50,livecodebench_v5,0.15770609318996415,0.2491551459293395,0.2939068100358423,
1.5B main,r1-1.5b-16k,tok,r1-1.5b,token_entropy,none,16384,16384,50,livecodebench_v6,0.13214285714285715,0.18465306122448982,0.21142857142857144,
1.5B main,r1-1.5b-16k,tok,r1-1.5b,token_entropy,none,16384,16384,50,aime2024,0.24583333333333332,,,0.7333333333333333
1.5B main,r1-1.5b-16k,tok,r1-1.5b,token_entropy,none,16384,16384,50,aime2025,0.22916666666666666,,,0.5666666666666667
1.5B main,r1-1.5b-16k,tok,r1-1.5b,token_entropy,none,16384,16384,80,livecodebench_v5,0.14516129032258066,0.22396313364055298,0.25448028673835127,
1.5B main,r1-1.5b-16k,tok,r1-1.5b,token_entropy,none,16384,16384,80,livecodebench_v6,0.12071428571428572,0.16816326530612247,0.18857142857142858,
1.5B main,r1-1.5b-16k,tok,r1-1.5b,token_entropy,none,16384,16384,80,aime2024,0.20729166666666668,,,0.7
1.5B main,r1-1.5b-16k,tok,r1-1.5b,token_entropy,none,16384,16384,80,aime2025,0.18854166666666666,,,0.5
1.5B main,r1-1.5b-16k,tok,r1-1.5b,token_entropy,none,16384,16384,105,livecodebench_v5,0.13754480286738352,0.2023041474654378,0.23297491039426524,
1.5B main,r1-1.5b-16k,tok,r1-1.5b,token_entropy,none,16384,16384,105,livecodebench_v6,0.1357142857142857,0.1855510204081633,0.21142857142857144,
1.5B main,r1-1.5b-16k,tok,r1-1.5b,token_entropy,none,16384,16384,105,aime2024,0.17083333333333334,,,0.5666666666666667
1.5B main,r1-1.5b-16k,tok,r1-1.5b,token_entropy,none,16384,16384,105,aime2025,0.18854166666666666,,,0.4666666666666667
1.5B main,r1-1.5b-16k,traj,r1-1.5b,trajectory_entropy,none,16384,16384,20,livecodebench_v5,0.16621863799283154,0.26313364055299543,0.3118279569892473,
1.5B main,r1-1.5b-16k,traj,r1-1.5b,trajectory_entropy,none,16384,16384,20,livecodebench_v6,0.13357142857142856,0.18040816326530612,0.2057142857142857,
1.5B main,r1-1.5b-16k,traj,r1-1.5b,trajectory_entropy,none,16384,16384,20,aime2024,0.2677083333333333,,,0.7333333333333333
1.5B main,r1-1.5b-16k,traj,r1-1.5b,trajectory_entropy,none,16384,16384,20,aime2025,0.2375,,,0.5666666666666667
1.5B main,r1-1.5b-16k,traj,r1-1.5b,trajectory_entropy,none,16384,16384,50,livecodebench_v5,0.16442652329749105,0.25463389656938046,0.2903225806451613,
1.5B main,r1-1.5b-16k,traj,r1-1.5b,trajectory_entropy,none,16384,16384,50,livecodebench_v6,0.12642857142857142,0.17665306122448982,0.19428571428571428,
1.5B main,r1-1.5b-16k,traj,r1-1.5b,trajectory_entropy,none,16384,16384,50,aime2024,0.25,,,0.7
1.5B main,r1-1.5b-16k,traj,r1-1.5b,trajectory_entropy,none,16384,16384,50,aime2025,0.221875,,,0.4666666666666667
1.5B main,r1-1.5b-16k,traj,r1-1.5b,trajectory_entropy,none,16384,16384,80,livecodebench_v5,0.14650537634408603,0.22089093701996929,0.25089605734767023,
1.5B main,r1-1.5b-16k,traj,r1-1.5b,trajectory_entropy,none,16384,16384,80,livecodebench_v6,0.12285714285714286,0.1676734693877551,0.18285714285714286,
1.5B main,r1-1.5b-16k,traj,r1-1.5b,trajectory_entropy,none,16384,16384,80,aime2024,0.20208333333333334,,,0.6333333333333333
1.5B main,r1-1.5b-16k,traj,r1-1.5b,trajectory_entropy,none,16384,16384,80,aime2025,0.19375,,,0.4666666666666667
1.5B main,r1-1.5b-16k,traj,r1-1.5b,trajectory_entropy,none,16384,16384,105,livecodebench_v5,0.12992831541218638,0.21423451100870455,0.25806451612903225,
1.5B main,r1-1.5b-16k,traj,r1-1.5b,trajectory_entropy,none,16384,16384,105,livecodebench_v6,0.11928571428571429,0.1794285714285714,0.22285714285714286,
1.5B main,r1-1.5b-16k,traj,r1-1.5b,trajectory_entropy,none,16384,16384,105,aime2024,0.196875,,,0.6666666666666666
1.5B main,r1-1.5b-16k,traj,r1-1.5b,trajectory_entropy,none,16384,16384,105,aime2025,0.17083333333333334,,,0.5
1.5B main,r1-1.5b-16k,prob,r1-1.5b,prob_disparity,none,16384,16384,20,livecodebench_v5,0.17069892473118278,0.2679979518689196,0.3225806451612903,
1.5B main,r1-1.5b-16k,prob,r1-1.5b,prob_disparity,none,16384,16384,20,livecodebench_v6,0.135,0.18653061224489795,0.21142857142857144,
1.5B main,r1-1.5b-16k,prob,r1-1.5b,prob_disparity,none,16384,16384,20,aime2024,0.29375,,,0.7333333333333333
1.5B main,r1-1.5b-16k,prob,r1-1.5b,prob_disparity,none,16384,16384,20,aime2025,0.23020833333333332,,,0.5333333333333333
1.5B main,r1-1.5b-16k,prob,r1-1.5b,prob_disparity,none,16384,16384,50,livecodebench_v5,0.15994623655913978,0.25565796210957503,0.3046594982078853,
1.5B main,r1-1.5b-16k,prob,r1-1.5b,prob_disparity,none,16384,16384,50,livecodebench_v6,0.13428571428571429,0.18751020408163266,0.2057142857142857,
1.5B main,r1-1.5b-16k,prob,r1-1.5b,prob_disparity,none,16384,16384,50,aime2024,0.23958333333333334,,,0.7
1.5B main,r1-1.5b-16k,prob,r1-1.5b,prob_disparity,none,16384,16384,50,aime2025,0.21770833333333334,,,0.5
1.5B main,r1-1.5b-16k,prob,r1-1.5b,prob_disparity,none,16384,16384,80,livecodebench_v5,0.150089605734767,0.2299027137736815,0.2724014336917563,
1.5B main,r1-1.5b-16k,prob,r1-1.5b,prob_disparity,none,16384,16384,80,livecodebench_v6,0.12285714285714286,0.1803265306122449,0.2057142857142857,
1.5B main,r1-1.5b-16k,prob,r1-1.5b,prob_disparity,none,16384,16384,80,aime2024,0.20729166666666668,,,0.7
1.5B main,r1-1.5b-16k,prob,r1-1.5b,prob_disparity,none,16384,16384,80,aime2025,0.18645833333333334,,,0.5
1.5B main,r1-1.5b-16k,prob,r1-1.5b,prob_disparity,none,16384,16384,105,livecodebench_v5,0.14516129032258066,0.21602662570404507,0.24372759856630824,
1.5B main,r1-1.5b-16k,prob,r1-1.5b,prob_disparity,none,16384,16384,105,livecodebench_v6,0.13214285714285715,0.1793469387755102,0.2,
1.5B main,r1-1.5b-16k,prob,r1-1.5b,prob_disparity,none,16384,16384,105,aime2024,0.19270833333333334,,,0.6666666666666666
1.5B main,r1-1.5b-16k,prob,r1-1.5b,prob_disparity,none,16384,16384,105,aime2025,0.1625,,,0.43333333333333335
1.5B +KL,r1-1.5b-16k-kl,in-kl,r1-1.5b,intuitor,kl,16384,16384,20,livecodebench_v5,0.16084229390681004,0.2474142345110087,0.2831541218637993,
1.5B +KL,r1-1.5b-16k-kl,in-kl,r1-1.5b,intuitor,kl,16384,16384,20,livecodebench_v6,0.13142857142857142,0.17975510204081632,0.2057142857142857,
1.5B +KL,r1-1.5b-16k-kl,in-kl,r1-1.5b,intuitor,kl,16384,16384,20,aime2024,0.29791666666666666,,,0.7333333333333333
1.5B +KL,r1-1.5b-16k-kl,in-kl,r1-1.5b,intuitor,kl,16384,16384,20,aime2025,0.240625,,,0.5333333333333333
1.5B +KL,r1-1.5b-16k-kl,in-kl,r1-1.5b,intuitor,kl,16384,16384,50,livecodebench_v5,0.1447132616487455,0.21879160266257042,0.25089605734767023,
1.5B +KL,r1-1.5b-16k-kl,in-kl,r1-1.5b,intuitor,kl,16384,16384,50,livecodebench_v6,0.12928571428571428,0.18840816326530616,0.21714285714285714,
1.5B +KL,r1-1.5b-16k-kl,in-kl,r1-1.5b,intuitor,kl,16384,16384,50,aime2024,0.25104166666666666,,,0.7333333333333333
1.5B +KL,r1-1.5b-16k-kl,in-kl,r1-1.5b,intuitor,kl,16384,16384,50,aime2025,0.221875,,,0.6
1.5B +KL,r1-1.5b-16k-kl,in-kl,r1-1.5b,intuitor,kl,16384,16384,80,livecodebench_v5,0.13440860215053763,0.20706605222734256,0.24372759856630824,
1.5B +KL,r1-1.5b-16k-kl,in-kl,r1-1.5b,intuitor,kl,16384,16384,80,livecodebench_v6,0.11428571428571428,0.15706122448979593,0.17714285714285713,
1.5B +KL,r1-1.5b-16k-kl,in-kl,r1-1.5b,intuitor,kl,16384,16384,80,aime2024,0.20208333333333334,,,0.7666666666666667
1.5B +KL,r1-1.5b-16k-kl,in-kl,r1-1.5b,intuitor,kl,16384,16384,80,aime2025,0.18125,,,0.5
1.5B +KL,r1-1.5b-16k-kl,in-kl,r1-1.5b,intuitor,kl,16384,16384,105,livecodebench_v5,0.12231182795698925,0.1948796722990271,0.2222222222222222,
1.5B +KL,r1-1.5b-16k-kl,in-kl,r1-1.5b,intuitor,kl,16384,16384,105,livecodebench_v6,0.12071428571428572,0.155265306122449,0.17142857142857143,
1.5B +KL,r1-1.5b-16k-kl,in-kl,r1-1.5b,intuitor,kl,16384,16384,105,aime2024,0.18541666666666667,,,0.6
1.5B +KL,r1-1.5b-16k-kl,in-kl,r1-1.5b,intuitor,kl,16384,16384,105,aime2025,0.171875,,,0.5
1.5B +KL,r1-1.5b-16k-kl,tok-kl,r1-1.5b,token_entropy,kl,16384,16384,20,livecodebench_v5,0.1617383512544803,0.25627240143369173,0.3010752688172043,
1.5B +KL,r1-1.5b-16k-kl,tok-kl,r1-1.5b,token_entropy,kl,16384,16384,20,livecodebench_v6,0.135,0.18155102040816326,0.21142857142857144,
1.5B +KL,r1-1.5b-16k-kl,tok-kl,r1-1.5b,token_entropy,kl,16384,16384,20,aime2024,0.26666666666666666,,,0.7333333333333333
1.5B +KL,r1-1.5b-16k-kl,tok-kl,r1-1.5b,token_entropy,kl,16384,16384,20,aime2025,0.23125,,,0.5
1.5B +KL,r1-1.5b-16k-kl,tok-kl,r1-1.5b,token_entropy,kl,16384,16384,50,livecodebench_v5,0.15681003584229392,0.23686635944700463,0.2724014336917563,
1.5B +KL,r1-1.5b-16k-kl,tok-kl,r1-1.5b,token_entropy,kl,16384,16384,50,livecodebench_v6,0.13285714285714287,0.18228571428571427,0.2057142857142857,
1.5B +KL,r1-1.5b-16k-kl,tok-kl,r1-1.5b,token_entropy,kl,16384,16384,50,aime2024,0.24583333333333332,,,0.7666666666666667
1.5B +KL,r1-1.5b-16k-kl,tok-kl,r1-1.5b,token_entropy,kl,16384,16384,50,aime2025,0.221875,,,0.5
1.5B +KL,r1-1.5b-16k-kl,tok-kl,r1-1.5b,token_entropy,kl,16384,16384,80,livecodebench_v5,0.14157706093189965,0.2124935995903738,0.24731182795698925,
1.5B +KL,r1-1.5b-16k-kl,tok-kl,r1-1.5b,token_entropy,kl,16384,16384,80,livecodebench_v6,0.11571428571428571,0.16359183673469385,0.18857142857142858,
1.5B +KL,r1-1.5b-16k-kl,tok-kl,r1-1.5b,token_entropy,kl,16384,16384,80,aime2024,0.22708333333333333,,,0.7
1.5B +KL,r1-1.5b-16k-kl,tok-kl,r1-1.5b,token_entropy,kl,16384,16384,80,aime2025,0.190625,,,0.5
1.5B +KL,r1-1.5b-16k-kl,tok-kl,r1-1.5b,token_entropy,kl,16384,16384,105,livecodebench_v5,0.13082437275985664,0.20199692780337944,0.24372759856630824,
1.5B +KL,r1-1.5b-16k-kl,tok-kl,r1-1.5b,token_entropy,kl,16384,16384,105,livecodebench_v6,0.12,0.16522448979591836,0.18857142857142858,
1.5B +KL,r1-1.5b-16k-kl,tok-kl,r1-1.5b,token_entropy,kl,16384,16384,105,aime2024,0.2,,,0.5666666666666667
1.5B +KL,r1-1.5b-16k-kl,tok-kl,r1-1.5b,token_entropy,kl,16384,16384,105,aime2025,0.17395833333333333,,,0.43333333333333335
1.5B +KL,r1-1.5b-16k-kl,traj-kl,r1-1.5b,trajectory_entropy,kl,16384,16384,20,livecodebench_v5,0.15770609318996415,0.24562211981566823,0.2939068100358423,
1.5B +KL,r1-1.5b-16k-kl,traj-kl,r1-1.5b,trajectory_entropy,kl,16384,16384,20,livecodebench_v6,0.135,0.19004081632653064,0.21714285714285714,
1.5B +KL,r1-1.5b-16k-kl,traj-kl,r1-1.5b,trajectory_entropy,kl,16384,16384,20,aime2024,0.2864583333333333,,,0.8
1.5B +KL,r1-1.5b-16k-kl,traj-kl,r1-1.5b,trajectory_entropy,kl,16384,16384,20,aime2025,0.25104166666666666,,,0.5333333333333333
1.5B +KL,r1-1.5b-16k-kl,traj-kl,r1-1.5b,trajectory_entropy,kl,16384,16384,50,livecodebench_v5,0.14829749103942652,0.22299027137736815,0.26523297491039427,
1.5B +KL,r1-1.5b-16k-kl,traj-kl,r1-1.5b,trajectory_entropy,kl,16384,16384,50,livecodebench_v6,0.13285714285714287,0.1944489795918367,0.22857142857142856,
1.5B +KL,r1-1.5b-16k-kl,traj-kl,r1-1.5b,trajectory_entropy,kl,16384,16384,50,aime2024,0.2635416666666667,,,0.7666666666666667
1.5B +KL,r1-1.5b-16k-kl,traj-kl,r1-1.5b,trajectory_entropy,kl,16384,16384,50,aime2025,0.21979166666666666,,,0.5
1.5B +KL,r1-1.5b-16k-kl,traj-kl,r1-1.5b,trajectory_entropy,kl,16384,16384,80,livecodebench_v5,0.13530465949820789,0.20885816692268305,0.23655913978494625,
1.5B +KL,r1-1.5b-16k-kl,traj-kl,r1-1.5b,trajectory_entropy,kl,16384,16384,80,livecodebench_v6,0.12,0.1656326530612245,0.18857142857142858,
1.5B +KL,r1-1.5b-16k-kl,traj-kl,r1-1.5b,trajectory_entropy,kl,16384,16384,80,aime2024,0.203125,,,0.6
1.5B +KL,r1-1.5b-16k-kl,traj-kl,r1-1.5b,trajectory_entropy,kl,16384,16384,80,aime2025,0.18958333333333333,,,0.4666666666666667
1.5B +KL,r1-1.5b-16k-kl,traj-kl,r1-1.5b,trajectory_entropy,kl,16384,16384,105,livecodebench_v5,0.14157706093189965,0.21638504864311317,0.25089605734767023,
1.5B +KL,r1-1.5b-16k-kl,traj-kl,r1-1.5b,trajectory_entropy,kl,16384,16384,105,livecodebench_v6,0.13428571428571429,0.17975510204081632,0.2057142857142857,
1.5B +KL,r1-1.5b-16k-kl,traj-kl,r1-1.5b,trajectory_entropy,kl,16384,16384,105,aime2024,0.19375,,,0.6666666666666666
1.5B +KL,r1-1.5b-16k-kl,traj-kl,r1-1.5b,trajectory_entropy,kl,16384,16384,105,aime2025,0.178125,,,0.4666666666666667
1.5B +KL,r1-1.5b-16k-kl,prob-kl,r1-1.5b,prob_disparity,kl,16384,16384,20,livecodebench_v5,0.15367383512544802,0.23768561187916026,0.2724014336917563,
1.5B +KL,r1-1.5b-16k-kl,prob-kl,r1-1.5b,prob_disparity,kl,16384,16384,20,livecodebench_v6,0.13785714285714284,0.19444897959183677,0.22857142857142856,
1.5B +KL,r1-1.5b-16k-kl,prob-kl,r1-1.5b,prob_disparity,kl,16384,16384,20,aime2024,0.278125,,,0.7666666666666667
1.5B +KL,r1-1.5b-16k-kl,prob-kl,r1-1.5b,prob_disparity,kl,16384,16384,20,aime2025,0.23125,,,0.5
1.5B +KL,r1-1.5b-16k-kl,prob-kl,r1-1.5b,prob_disparity,kl,16384,16384,50,livecodebench_v5,0.15232974910394265,0.22206861239119302,0.24731182795698925,
1.5B +KL,r1-1.5b-16k-kl,prob-kl,r1-1.5b,prob_disparity,kl,16384,16384,50,livecodebench_v6,0.135,0.19240816326530613,0.21714285714285714,
1.5B +KL,r1-1.5b-16k-kl,prob-kl,r1-1.5b,prob_disparity,kl,16384,16384,50,aime2024,0.2552083333333333,,,0.6666666666666666
1.5B +KL,r1-1.5b-16k-kl,prob-kl,r1-1.5b,prob_disparity,kl,16384,16384,50,aime2025,0.23645833333333333,,,0.5
1.5B +KL,r1-1.5b-16k-kl,prob-kl,r1-1.5b,prob_disparity,kl,16384,16384,80,livecodebench_v5,0.13844086021505375,0.21177675371223756,0.24731182795698925,
1.5B +KL,r1-1.5b-16k-kl,prob-kl,r1-1.5b,prob_disparity,kl,16384,16384,80,livecodebench_v6,0.125,0.18179591836734696,0.2057142857142857,
1.5B +KL,r1-1.5b-16k-kl,prob-kl,r1-1.5b,prob_disparity,kl,16384,16384,80,aime2024,0.21979166666666666,,,0.6333333333333333
1.5B +KL,r1-1.5b-16k-kl,prob-kl,r1-1.5b,prob_disparity,kl,16384,16384,80,aime2025,0.20729166666666668,,,0.4666666666666667
1.5B +KL,r1-1.5b-16k-kl,prob-kl,r1-1.5b,prob_disparity,kl,16384,16384,105,livecodebench_v5,0.13082437275985664,0.21254480286738353,0.24731182795698925,
1.5B +KL,r1-1.5b-16k-kl,prob-kl,r1-1.5b,prob_disparity,kl,16384,16384,105,livecodebench_v6,0.12571428571428572,0.17126530612244897,0.19428571428571428,
1.5B +KL,r1-1.5b-16k-kl,prob-kl,r1-1.5b,prob_disparity,kl,16384,16384,105,aime2024,0.203125,,,0.6333333333333333
1.5B +KL,r1-1.5b-16k-kl,prob-kl,r1-1.5b,prob_disparity,kl,16384,16384,105,aime2025,0.17708333333333334,,,0.4666666666666667
1.5B +LP,r1-1.5b-16k-lp,in-lp,r1-1.5b,intuitor,lenpen,16384,16384,20,livecodebench_v5,0.16801075268817203,0.258678955453149,0.3010752688172043,
1.5B +LP,r1-1.5b-16k-lp,in-lp,r1-1.5b,intuitor,lenpen,16384,16384,20,livecodebench_v6,0.1457142857142857,0.20065306122448978,0.22285714285714286,
1.5B +LP,r1-1.5b-16k-lp,in-lp,r1-1.5b,intuitor,lenpen,16384,16384,20,aime2024,0.2916666666666667,,,0.7333333333333333
1.5B +LP,r1-1.5b-16k-lp,in-lp,r1-1.5b,intuitor,lenpen,16384,16384,20,aime2025,0.22083333333333333,,,0.5
1.5B +LP,r1-1.5b-16k-lp,in-lp,r1-1.5b,intuitor,lenpen,16384,16384,50,livecodebench_v5,0.15232974910394265,0.23358934971838194,0.27598566308243727,
1.5B +LP,r1-1.5b-16k-lp,in-lp,r1-1.5b,intuitor,lenpen,16384,16384,50,livecodebench_v6,0.12071428571428572,0.17077551020408163,0.19428571428571428,
1.5B +LP,r1-1.5b-16k-lp,in-lp,r1-1.5b,intuitor,lenpen,16384,16384,50,aime2024,0.2791666666666667,,,0.7333333333333333
1.5B +LP,r1-1.5b-16k-lp,in-lp,r1-1.5b,intuitor,lenpen,16384,16384,50,aime2025,0.23645833333333333,,,0.4666666666666667
1.5B +LP,r1-1.5b-16k-lp,in-lp,r1-1.5b,intuitor,lenpen,16384,16384,80,livecodebench_v5,0.14023297491039427,0.23748079877112133,0.27956989247311825,
1.5B +LP,r1-1.5b-16k-lp,in-lp,r1-1.5b,intuitor,lenpen,16384,16384,80,livecodebench_v6,0.11285714285714285,0.16587755102040816,0.17714285714285713,
1.5B +LP,r1-1.5b-16k-lp,in-lp,r1-1.5b,intuitor,lenpen,16384,16384,80,aime2024,0.27395833333333336,,,0.7666666666666667
1.5B +LP,r1-1.5b-16k-lp,in-lp,r1-1.5b,intuitor,lenpen,16384,16384,80,aime2025,0.24583333333333332,,,0.5666666666666667
1.5B +LP,r1-1.5b-16k-lp,in-lp,r1-1.5b,intuitor,lenpen,16384,16384,105,livecodebench_v5,0.10125448028673835,0.1999487967229903,0.24372759856630824,
1.5B +LP,r1-1.5b-16k-lp,in-lp,r1-1.5b,intuitor,lenpen,16384,16384,105,livecodebench_v6,0.09428571428571429,0.16179591836734694,0.18857142857142858,
1.5B +LP,r1-1.5b-16k-lp,in-lp,r1-1.5b,intuitor,lenpen,16384,16384,105,aime2024,0.28125,,,0.7
1.5B +LP,r1-1.5b-16k-lp,in-lp,r1-1.5b,intuitor,lenpen,16384,16384,105,aime2025,0.2375,,,0.5333333333333333
1.5B +LP,r1-1.5b-16k-lp,tok-lp,r1-1.5b,token_entropy,lenpen,16384,16384,20,livecodebench_v5,0.15681003584229392,0.24162826420890937,0.27956989247311825,
1.5B +LP,r1-1.5b-16k-lp,tok-lp,r1-1.5b,token_entropy,lenpen,16384,16384,20,livecodebench_v6,0.13,0.18636734693877552,0.22285714285714286,
1.5B +LP,r1-1.5b-16k-lp,tok-lp,r1-1.5b,token_entropy,lenpen,16384,16384,20,aime2024,0.28229166666666666,,,0.7333333333333333
1.5B +LP,r1-1.5b-16k-lp,tok-lp,r1-1.5b,token_entropy,lenpen,16384,16384,20,aime2025,0.23333333333333334,,,0.5
1.5B +LP,r1-1.5b-16k-lp,tok-lp,r1-1.5b,token_entropy,lenpen,16384,16384,50,livecodebench_v5,0.14023297491039427,0.21152073732718896,0.24731182795698925,
1.5B +LP,r1-1.5b-16k-lp,tok-lp,r1-1.5b,token_entropy,lenpen,16384,16384,50,livecodebench_v6,0.13214285714285715,0.18555102040816324,0.21142857142857144,
1.5B +LP,r1-1.5b-16k-lp,tok-lp,r1-1.5b,token_entropy,lenpen,16384,16384,50,aime2024,0.25416666666666665,,,0.7333333333333333
1.5B +LP,r1-1.5b-16k-lp,tok-lp,r1-1.5b,token_entropy,lenpen,16384,16384,50,aime2025,0.22708333333333333,,,0.4666666666666667
1.5B +LP,r1-1.5b-16k-lp,tok-lp,r1-1.5b,token_entropy,lenpen,16384,16384,80,livecodebench_v5,0.10349462365591398,0.16953405017921147,0.20430107526881722,
1.5B +LP,r1-1.5b-16k-lp,tok-lp,r1-1.5b,token_entropy,lenpen,16384,16384,80,livecodebench_v6,0.10785714285714286,0.16555102040816327,0.19428571428571428,
1.5B +LP,r1-1.5b-16k-lp,tok-lp,r1-1.5b,token_entropy,lenpen,16384,16384,80,aime2024,0.18125,,,0.6666666666666666
1.5B +LP,r1-1.5b-16k-lp,tok-lp,r1-1.5b,token_entropy,lenpen,16384,16384,80,aime2025,0.19791666666666666,,,0.4666666666666667
1.5B +LP,r1-1.5b-16k-lp,tok-lp,r1-1.5b,token_entropy,lenpen,16384,16384,105,livecodebench_v5,0.08960573476702509,0.1665642601126472,0.1935483870967742,
1.5B +LP,r1-1.5b-16k-lp,tok-lp,r1-1.5b,token_entropy,lenpen,16384,16384,105,livecodebench_v6,0.08071428571428571,0.14293877551020406,0.1657142857142857,
1.5B +LP,r1-1.5b-16k-lp,tok-lp,r1-1.5b,token_entropy,lenpen,16384,16384,105,aime2024,0.171875,,,0.7
1.5B +LP,r1-1.5b-16k-lp,tok-lp,r1-1.5b,token_entropy,lenpen,16384,16384,105,aime2025,0.18645833333333334,,,0.5333333333333333
1.5B +LP,r1-1.5b-16k-lp,traj-lp,r1-1.5b,trajectory_entropy,lenpen,16384,16384,20,livecodebench_v5,0.15098566308243727,0.2263184843830005,0.2616487455197133,
1.5B +LP,r1-1.5b-16k-lp,traj-lp,r1-1.5b,trajectory_entropy,lenpen,16384,16384,20,livecodebench_v6,0.13142857142857142,0.1736326530612245,0.18857142857142858,
1.5B +LP,r1-1.5b-16k-lp,traj-lp,r1-1.5b,trajectory_entropy,lenpen,16384,16384,20,aime2024,0.271875,,,0.8
1.5B +LP,r1-1.5b-16k-lp,traj-lp,r1-1.5b,trajectory_entropy,lenpen,16384,16384,20,aime2025,0.23958333333333334,,,0.5666666666666667
1.5B +LP,r1-1.5b-16k-lp,traj-lp,r1-1.5b,trajectory_entropy,lenpen,16384,16384,50,livecodebench_v5,0.14919354838709678,0.2430619559651818,0.2903225806451613,
1.5B +LP,r1-1.5b-16k-lp,traj-lp,r1-1.5b,trajectory_entropy,lenpen,16384,16384,50,livecodebench_v6,0.13142857142857142,0.17444897959183672,0.2,
1.5B +LP,r1-1.5b-16k-lp,traj-lp,r1-1.5b,trajectory_entropy,lenpen,16384,16384,50,aime2024,0.2635416666666667,,,0.7666666666666667
1.5B +LP,r1-1.5b-16k-lp,traj-lp,r1-1.5b,trajectory_entropy,lenpen,16384,16384,50,aime2025,0.234375,,,0.5333333333333333
1.5B +LP,r1-1.5b-16k-lp,traj-lp,r1-1.5b,trajectory_entropy,lenpen,16384,16384,80,livecodebench_v5,0.12141577060931899,0.18832565284178188,0.21505376344086022,
1.5B +LP,r1-1.5b-16k-lp,traj-lp,r1-1.5b,trajectory_entropy,lenpen,16384,16384,80,livecodebench_v6,0.10785714285714286,0.1463673469387755,0.16,
1.5B +LP,r1-1.5b-16k-lp,traj-lp,r1-1.5b,trajectory_entropy,lenpen,16384,16384,80,aime2024,0.19479166666666667,,,0.6
1.5B +LP,r1-1.5b-16k-lp,traj-lp,r1-1.5b,trajectory_entropy,lenpen,16384,16384,80,aime2025,0.18958333333333333,,,0.5
1.5B +LP,r1-1.5b-16k-lp,traj-lp,r1-1.5b,trajectory_entropy,lenpen,16384,16384,105,livecodebench_v5,0.08019713261648745,0.15995903737839223,0.2007168458781362,
1.5B +LP,r1-1.5b-16k-lp,traj-lp,r1-1.5b,trajectory_entropy,lenpen,16384,16384,105,livecodebench_v6,0.052142857142857144,0.12089795918367348,0.16,
1.5B +LP,r1-1.5b-16k-lp,traj-lp,r1-1.5b,trajectory_entropy,lenpen,16384,16384,105,aime2024,0.20625,,,0.7
1.5B +LP,r1-1.5b-16k-lp,traj-lp,r1-1.5b,trajectory_entropy,lenpen,16384,16384,105,aime2025,0.17708333333333334,,,0.5
1.5B +LP,r1-1.5b-16k-lp,prob-lp,r1-1.5b,prob_disparity,lenpen,16384,16384,20,livecodebench_v5,0.1496415770609319,0.22549923195084484,0.25806451612903225,
1.5B +LP,r1-1.5b-16k-lp,prob-lp,r1-1.5b,prob_disparity,lenpen,16384,16384,20,livecodebench_v6,0.13214285714285715,0.1826938775510204,0.2057142857142857,
1.5B +LP,r1-1.5b-16k-lp,prob-lp,r1-1.5b,prob_disparity,lenpen,16384,16384,20,aime2024,0.278125,,,0.6333333333333333
1.5B +LP,r1-1.5b-16k-lp,prob-lp,r1-1.5b,prob_disparity,lenpen,16384,16384,20,aime2025,0.23645833333333333,,,0.5666666666666667
1.5B +LP,r1-1.5b-16k-lp,prob-lp,r1-1.5b,prob_disparity,lenpen,16384,16384,50,livecodebench_v5,0.021953405017921146,0.061341525857654886,0.0967741935483871,
1.5B +LP,r1-1.5b-16k-lp,prob-lp,r1-1.5b,prob_disparity,lenpen,16384,16384,50,livecodebench_v6,0.03142857142857143,0.06448979591836734,0.08,
1.5B +LP,r1-1.5b-16k-lp,prob-lp,r1-1.5b,prob_disparity,lenpen,16384,16384,50,aime2024,0.20208333333333334,,,0.6333333333333333
1.5B +LP,r1-1.5b-16k-lp,prob-lp,r1-1.5b,prob_disparity,lenpen,16384,16384,50,aime2025,0.16354166666666667,,,0.4
1.5B +LP,r1-1.5b-16k-lp,prob-lp,r1-1.5b,prob_disparity,lenpen,16384,16384,80,livecodebench_v5,0.002688172043010753,0.010752688172043012,0.021505376344086023,
1.5B +LP,r1-1.5b-16k-lp,prob-lp,r1-1.5b,prob_disparity,lenpen,16384,16384,80,livecodebench_v6,0.0028571428571428567,0.00816326530612245,0.011428571428571429,
1.5B +LP,r1-1.5b-16k-lp,prob-lp,r1-1.5b,prob_disparity,lenpen,16384,16384,80,aime2024,0.15208333333333332,,,0.5333333333333333
1.5B +LP,r1-1.5b-16k-lp,prob-lp,r1-1.5b,prob_disparity,lenpen,16384,16384,80,aime2025,0.11875,,,0.36666666666666664
1.5B +LP,r1-1.5b-16k-lp,prob-lp,r1-1.5b,prob_disparity,lenpen,16384,16384,105,livecodebench_v5,0.0,0.0,0.0,
1.5B +LP,r1-1.5b-16k-lp,prob-lp,r1-1.5b,prob_disparity,lenpen,16384,16384,105,livecodebench_v6,0.0007142857142857143,0.002857142857142857,0.005714285714285714,
1.5B +LP,r1-1.5b-16k-lp,prob-lp,r1-1.5b,prob_disparity,lenpen,16384,16384,105,aime2024,0.13958333333333334,,,0.6
1.5B +LP,r1-1.5b-16k-lp,prob-lp,r1-1.5b,prob_disparity,lenpen,16384,16384,105,aime2025,0.11041666666666666,,,0.4666666666666667
1.5B 16K-rand,r1-1.5b-16k-random,grpo-random,r1-1.5b,grpo,random,16384,16384,20,livecodebench_v5,0.15367383512544802,0.24009216589861754,0.2867383512544803,
1.5B 16K-rand,r1-1.5b-16k-random,grpo-random,r1-1.5b,grpo,random,16384,16384,20,livecodebench_v6,0.13428571428571429,0.18759183673469387,0.22285714285714286,
1.5B 16K-rand,r1-1.5b-16k-random,grpo-random,r1-1.5b,grpo,random,16384,16384,20,aime2024,0.28854166666666664,,,0.8
1.5B 16K-rand,r1-1.5b-16k-random,grpo-random,r1-1.5b,grpo,random,16384,16384,20,aime2025,0.2552083333333333,,,0.5666666666666667
1.5B 16K-rand,r1-1.5b-16k-random,grpo-random,r1-1.5b,grpo,random,16384,16384,50,livecodebench_v5,0.1550179211469534,0.23143881208397338,0.26881720430107525,
1.5B 16K-rand,r1-1.5b-16k-random,grpo-random,r1-1.5b,grpo,random,16384,16384,50,livecodebench_v6,0.12428571428571429,0.17444897959183672,0.19428571428571428,
1.5B 16K-rand,r1-1.5b-16k-random,grpo-random,r1-1.5b,grpo,random,16384,16384,50,aime2024,0.29375,,,0.7666666666666667
1.5B 16K-rand,r1-1.5b-16k-random,grpo-random,r1-1.5b,grpo,random,16384,16384,50,aime2025,0.24270833333333333,,,0.5333333333333333
1.5B 16K-rand,r1-1.5b-16k-random,grpo-random,r1-1.5b,grpo,random,16384,16384,80,livecodebench_v5,0.15546594982078854,0.2392729134664619,0.27956989247311825,
1.5B 16K-rand,r1-1.5b-16k-random,grpo-random,r1-1.5b,grpo,random,16384,16384,80,livecodebench_v6,0.13428571428571429,0.18914285714285714,0.22285714285714286,
1.5B 16K-rand,r1-1.5b-16k-random,grpo-random,r1-1.5b,grpo,random,16384,16384,80,aime2024,0.271875,,,0.7333333333333333
1.5B 16K-rand,r1-1.5b-16k-random,grpo-random,r1-1.5b,grpo,random,16384,16384,80,aime2025,0.23333333333333334,,,0.5
1.5B 16K-rand,r1-1.5b-16k-random,grpo-random,r1-1.5b,grpo,random,16384,16384,105,livecodebench_v5,0.15188172043010753,0.2302099334357399,0.26881720430107525,
1.5B 16K-rand,r1-1.5b-16k-random,grpo-random,r1-1.5b,grpo,random,16384,16384,105,livecodebench_v6,0.1392857142857143,0.17583673469387756,0.18285714285714286,
1.5B 16K-rand,r1-1.5b-16k-random,grpo-random,r1-1.5b,grpo,random,16384,16384,105,aime2024,0.275,,,0.6666666666666666
1.5B 16K-rand,r1-1.5b-16k-random,grpo-random,r1-1.5b,grpo,random,16384,16384,105,aime2025,0.24375,,,0.5
1.5B 8K-rand,r1-1.5b-8k-random,grpo-random,r1-1.5b,grpo,random,8192,16384,20,livecodebench_v5,0.15681003584229392,0.2349718381976446,0.2724014336917563,
1.5B 8K-rand,r1-1.5b-8k-random,grpo-random,r1-1.5b,grpo,random,8192,16384,20,livecodebench_v6,0.13214285714285715,0.17314285714285715,0.18285714285714286,
1.5B 8K-rand,r1-1.5b-8k-random,grpo-random,r1-1.5b,grpo,random,8192,16384,20,aime2024,0.30104166666666665,,,0.7333333333333333
1.5B 8K-rand,r1-1.5b-8k-random,grpo-random,r1-1.5b,grpo,random,8192,16384,20,aime2025,0.221875,,,0.5666666666666667
1.5B 8K-rand,r1-1.5b-8k-random,grpo-random,r1-1.5b,grpo,random,8192,8192,20,livecodebench_v5,0.14292114695340502,0.2087557603686636,0.23297491039426524,
1.5B 8K-rand,r1-1.5b-8k-random,grpo-random,r1-1.5b,grpo,random,8192,8192,20,livecodebench_v6,0.11785714285714285,0.16163265306122448,0.17714285714285713,
1.5B 8K-rand,r1-1.5b-8k-random,grpo-random,r1-1.5b,grpo,random,8192,8192,20,aime2024,0.21979166666666666,,,0.7
1.5B 8K-rand,r1-1.5b-8k-random,grpo-random,r1-1.5b,grpo,random,8192,8192,20,aime2025,0.21458333333333332,,,0.4666666666666667
1.5B 8K-rand,r1-1.5b-8k-random,grpo-random,r1-1.5b,grpo,random,8192,16384,50,livecodebench_v5,0.15188172043010753,0.23056835637480796,0.2724014336917563,
1.5B 8K-rand,r1-1.5b-8k-random,grpo-random,r1-1.5b,grpo,random,8192,16384,50,livecodebench_v6,0.13428571428571429,0.187265306122449,0.21714285714285714,
1.5B 8K-rand,r1-1.5b-8k-random,grpo-random,r1-1.5b,grpo,random,8192,16384,50,aime2024,0.296875,,,0.7666666666666667
1.5B 8K-rand,r1-1.5b-8k-random,grpo-random,r1-1.5b,grpo,random,8192,16384,50,aime2025,0.24583333333333332,,,0.5
1.5B 8K-rand,r1-1.5b-8k-random,grpo-random,r1-1.5b,grpo,random,8192,8192,50,livecodebench_v5,0.13082437275985664,0.2078853046594982,0.24731182795698925,
1.5B 8K-rand,r1-1.5b-8k-random,grpo-random,r1-1.5b,grpo,random,8192,8192,50,livecodebench_v6,0.12357142857142857,0.1597551020408163,0.17142857142857143,
1.5B 8K-rand,r1-1.5b-8k-random,grpo-random,r1-1.5b,grpo,random,8192,8192,50,aime2024,0.2125,,,0.6666666666666666
1.5B 8K-rand,r1-1.5b-8k-random,grpo-random,r1-1.5b,grpo,random,8192,8192,50,aime2025,0.20416666666666666,,,0.4666666666666667
1.5B 8K-rand,r1-1.5b-8k-random,grpo-random,r1-1.5b,grpo,random,8192,16384,80,livecodebench_v5,0.15098566308243727,0.23527905785970302,0.27956989247311825,
1.5B 8K-rand,r1-1.5b-8k-random,grpo-random,r1-1.5b,grpo,random,8192,16384,80,livecodebench_v6,0.13714285714285715,0.18432653061224488,0.21142857142857144,
1.5B 8K-rand,r1-1.5b-8k-random,grpo-random,r1-1.5b,grpo,random,8192,16384,80,aime2024,0.25729166666666664,,,0.7666666666666667
1.5B 8K-rand,r1-1.5b-8k-random,grpo-random,r1-1.5b,grpo,random,8192,16384,80,aime2025,0.22708333333333333,,,0.5333333333333333
1.5B 8K-rand,r1-1.5b-8k-random,grpo-random,r1-1.5b,grpo,random,8192,8192,80,livecodebench_v5,0.13485663082437277,0.2025089605734767,0.23655913978494625,
1.5B 8K-rand,r1-1.5b-8k-random,grpo-random,r1-1.5b,grpo,random,8192,8192,80,livecodebench_v6,0.12928571428571428,0.16146938775510203,0.17142857142857143,
1.5B 8K-rand,r1-1.5b-8k-random,grpo-random,r1-1.5b,grpo,random,8192,8192,80,aime2024,0.23645833333333333,,,0.6333333333333333
1.5B 8K-rand,r1-1.5b-8k-random,grpo-random,r1-1.5b,grpo,random,8192,8192,80,aime2025,0.203125,,,0.4
1.5B 8K-rand,r1-1.5b-8k-random,grpo-random,r1-1.5b,grpo,random,8192,16384,105,livecodebench_v5,0.16129032258064516,0.24705581157194062,0.2831541218637993,
1.5B 8K-rand,r1-1.5b-8k-random,grpo-random,r1-1.5b,grpo,random,8192,16384,105,livecodebench_v6,0.13142857142857142,0.17918367346938777,0.2,
1.5B 8K-rand,r1-1.5b-8k-random,grpo-random,r1-1.5b,grpo,random,8192,16384,105,aime2024,0.2760416666666667,,,0.8
1.5B 8K-rand,r1-1.5b-8k-random,grpo-random,r1-1.5b,grpo,random,8192,16384,105,aime2025,0.23958333333333334,,,0.5
1.5B 8K-rand,r1-1.5b-8k-random,grpo-random,r1-1.5b,grpo,random,8192,8192,105,livecodebench_v5,0.1267921146953405,0.19452124935995904,0.2222222222222222,
1.5B 8K-rand,r1-1.5b-8k-random,grpo-random,r1-1.5b,grpo,random,8192,8192,105,livecodebench_v6,0.12,0.15877551020408162,0.17142857142857143,
1.5B 8K-rand,r1-1.5b-8k-random,grpo-random,r1-1.5b,grpo,random,8192,8192,105,aime2024,0.22604166666666667,,,0.7
1.5B 8K-rand,r1-1.5b-8k-random,grpo-random,r1-1.5b,grpo,random,8192,8192,105,aime2025,0.21979166666666666,,,0.4666666666666667
4B main,qwen3-4b-16k,grpo,qwen3-4b,grpo,none,16384,16384,20,livecodebench_v5,0.3100358422939068,0.3652329749103943,0.3835125448028674,
4B main,qwen3-4b-16k,grpo,qwen3-4b,grpo,none,16384,16384,20,livecodebench_v6,0.2507142857142857,0.28832653061224495,0.29714285714285715,
4B main,qwen3-4b-16k,grpo,qwen3-4b,grpo,none,16384,16384,20,aime2024,0.6395833333333333,,,0.8666666666666667
4B main,qwen3-4b-16k,grpo,qwen3-4b,grpo,none,16384,16384,20,aime2025,0.5083333333333333,,,0.8
4B main,qwen3-4b-16k,grpo,qwen3-4b,grpo,none,16384,16384,50,livecodebench_v5,0.3333333333333333,0.3896057347670251,0.40860215053763443,
4B main,qwen3-4b-16k,grpo,qwen3-4b,grpo,none,16384,16384,50,livecodebench_v6,0.2592857142857143,0.29542857142857143,0.30857142857142855,
4B main,qwen3-4b-16k,grpo,qwen3-4b,grpo,none,16384,16384,50,aime2024,0.6364583333333333,,,0.8333333333333334
4B main,qwen3-4b-16k,grpo,qwen3-4b,grpo,none,16384,16384,50,aime2025,0.49895833333333334,,,0.7333333333333333
4B main,qwen3-4b-16k,grpo,qwen3-4b,grpo,none,16384,16384,80,livecodebench_v5,0.3378136200716846,0.3904761904761905,0.40860215053763443,
4B main,qwen3-4b-16k,grpo,qwen3-4b,grpo,none,16384,16384,80,livecodebench_v6,0.24928571428571428,0.284734693877551,0.2914285714285714,
4B main,qwen3-4b-16k,grpo,qwen3-4b,grpo,none,16384,16384,80,aime2024,0.63125,,,0.8333333333333334
4B main,qwen3-4b-16k,grpo,qwen3-4b,grpo,none,16384,16384,80,aime2025,0.5020833333333333,,,0.8
4B main,qwen3-4b-16k,grpo,qwen3-4b,grpo,none,16384,16384,105,livecodebench_v5,0.34587813620071683,0.4100870455709166,0.43010752688172044,
4B main,qwen3-4b-16k,grpo,qwen3-4b,grpo,none,16384,16384,105,livecodebench_v6,0.265,0.29183673469387755,0.3028571428571429,
4B main,qwen3-4b-16k,grpo,qwen3-4b,grpo,none,16384,16384,105,aime2024,0.646875,,,0.8666666666666667
4B main,qwen3-4b-16k,grpo,qwen3-4b,grpo,none,16384,16384,105,aime2025,0.525,,,0.7666666666666667
4B main,qwen3-4b-16k,in,qwen3-4b,intuitor,none,16384,16384,20,livecodebench_v5,0.353494623655914,0.41116231438812084,0.4336917562724014,
4B main,qwen3-4b-16k,in,qwen3-4b,intuitor,none,16384,16384,20,livecodebench_v6,0.2621428571428571,0.30000000000000004,0.3142857142857143,
4B main,qwen3-4b-16k,in,qwen3-4b,intuitor,none,16384,16384,20,aime2024,0.6291666666666667,,,0.8333333333333334
4B main,qwen3-4b-16k,in,qwen3-4b,intuitor,none,16384,16384,20,aime2025,0.5145833333333333,,,0.8333333333333334
4B main,qwen3-4b-16k,in,qwen3-4b,intuitor,none,16384,16384,50,livecodebench_v5,0.35663082437275984,0.4295442908346135,0.4551971326164875,
4B main,qwen3-4b-16k,in,qwen3-4b,intuitor,none,16384,16384,50,livecodebench_v6,0.265,0.30375510204081635,0.32,
4B main,qwen3-4b-16k,in,qwen3-4b,intuitor,none,16384,16384,50,aime2024,0.646875,,,0.8333333333333334
4B main,qwen3-4b-16k,in,qwen3-4b,intuitor,none,16384,16384,50,aime2025,0.5145833333333333,,,0.8
4B main,qwen3-4b-16k,in,qwen3-4b,intuitor,none,16384,16384,80,livecodebench_v5,0.36155913978494625,0.44014336917562724,0.4659498207885305,
4B main,qwen3-4b-16k,in,qwen3-4b,intuitor,none,16384,16384,80,livecodebench_v6,0.2642857142857143,0.310530612244898,0.32571428571428573,
4B main,qwen3-4b-16k,in,qwen3-4b,intuitor,none,16384,16384,80,aime2024,0.61875,,,0.8333333333333334
4B main,qwen3-4b-16k,in,qwen3-4b,intuitor,none,16384,16384,80,aime2025,0.5020833333333333,,,0.8333333333333334
4B main,qwen3-4b-16k,in,qwen3-4b,intuitor,none,16384,16384,105,livecodebench_v5,0.4153225806451613,0.5080389144905275,0.5448028673835126,
4B main,qwen3-4b-16k,in,qwen3-4b,intuitor,none,16384,16384,105,livecodebench_v6,0.26285714285714284,0.3068571428571429,0.3142857142857143,
4B main,qwen3-4b-16k,in,qwen3-4b,intuitor,none,16384,16384,105,aime2024,0.6291666666666667,,,0.8333333333333334
4B main,qwen3-4b-16k,in,qwen3-4b,intuitor,none,16384,16384,105,aime2025,0.5208333333333334,,,0.8666666666666667
4B main,qwen3-4b-16k,tok,qwen3-4b,token_entropy,none,16384,16384,20,livecodebench_v5,0.4090501792114695,0.4948796722990271,0.5304659498207885,
4B main,qwen3-4b-16k,tok,qwen3-4b,token_entropy,none,16384,16384,20,livecodebench_v6,0.265,0.31012244897959185,0.32571428571428573,
4B main,qwen3-4b-16k,tok,qwen3-4b,token_entropy,none,16384,16384,20,aime2024,0.6239583333333333,,,0.8666666666666667
4B main,qwen3-4b-16k,tok,qwen3-4b,token_entropy,none,16384,16384,20,aime2025,0.521875,,,0.8333333333333334
4B main,qwen3-4b-16k,tok,qwen3-4b,token_entropy,none,16384,16384,50,livecodebench_v5,0.39695340501792115,0.4732718894009217,0.4982078853046595,
4B main,qwen3-4b-16k,tok,qwen3-4b,token_entropy,none,16384,16384,50,livecodebench_v6,0.25142857142857145,0.31248979591836734,0.3314285714285714,
4B main,qwen3-4b-16k,tok,qwen3-4b,token_entropy,none,16384,16384,50,aime2024,0.6239583333333333,,,0.8666666666666667
4B main,qwen3-4b-16k,tok,qwen3-4b,token_entropy,none,16384,16384,50,aime2025,0.49375,,,0.8
4B main,qwen3-4b-16k,tok,qwen3-4b,token_entropy,none,16384,16384,80,livecodebench_v5,0.3772401433691756,0.4689708141321045,0.5017921146953405,
4B main,qwen3-4b-16k,tok,qwen3-4b,token_entropy,none,16384,16384,80,livecodebench_v6,0.26,0.3067755102040816,0.3142857142857143,
4B main,qwen3-4b-16k,tok,qwen3-4b,token_entropy,none,16384,16384,80,aime2024,0.6260416666666667,,,0.8
4B main,qwen3-4b-16k,tok,qwen3-4b,token_entropy,none,16384,16384,80,aime2025,0.496875,,,0.8333333333333334
4B main,qwen3-4b-16k,tok,qwen3-4b,token_entropy,none,16384,16384,105,livecodebench_v5,0.3727598566308244,0.4637480798771122,0.4982078853046595,
4B main,qwen3-4b-16k,tok,qwen3-4b,token_entropy,none,16384,16384,105,livecodebench_v6,0.24928571428571428,0.30138775510204086,0.32,
4B main,qwen3-4b-16k,tok,qwen3-4b,token_entropy,none,16384,16384,105,aime2024,0.6239583333333333,,,0.8333333333333334
4B main,qwen3-4b-16k,tok,qwen3-4b,token_entropy,none,16384,16384,105,aime2025,0.47708333333333336,,,0.8333333333333334
4B main,qwen3-4b-16k,traj,qwen3-4b,trajectory_entropy,none,16384,16384,20,livecodebench_v5,0.4050179211469534,0.4795186891961085,0.5017921146953405,
4B main,qwen3-4b-16k,traj,qwen3-4b,trajectory_entropy,none,16384,16384,20,livecodebench_v6,0.26071428571428573,0.2977959183673469,0.3142857142857143,
4B main,qwen3-4b-16k,traj,qwen3-4b,trajectory_entropy,none,16384,16384,20,aime2024,0.621875,,,0.8333333333333334
4B main,qwen3-4b-16k,traj,qwen3-4b,trajectory_entropy,none,16384,16384,20,aime2025,0.509375,,,0.7666666666666667
4B main,qwen3-4b-16k,traj,qwen3-4b,trajectory_entropy,none,16384,16384,50,livecodebench_v5,0.39695340501792115,0.4795186891961085,0.5089605734767025,
4B main,qwen3-4b-16k,traj,qwen3-4b,trajectory_entropy,none,16384,16384,50,livecodebench_v6,0.2592857142857143,0.3035102040816327,0.3142857142857143,
4B main,qwen3-4b-16k,traj,qwen3-4b,trajectory_entropy,none,16384,16384,50,aime2024,0.6083333333333333,,,0.8333333333333334
4B main,qwen3-4b-16k,traj,qwen3-4b,trajectory_entropy,none,16384,16384,50,aime2025,0.50625,,,0.8333333333333334
4B main,qwen3-4b-16k,traj,qwen3-4b,trajectory_entropy,none,16384,16384,80,livecodebench_v5,0.40098566308243727,0.4818228366615463,0.5161290322580645,
4B main,qwen3-4b-16k,traj,qwen3-4b,trajectory_entropy,none,16384,16384,80,livecodebench_v6,0.25857142857142856,0.3146122448979592,0.3314285714285714,
4B main,qwen3-4b-16k,traj,qwen3-4b,trajectory_entropy,none,16384,16384,80,aime2024,0.6239583333333333,,,0.8333333333333334
4B main,qwen3-4b-16k,traj,qwen3-4b,trajectory_entropy,none,16384,16384,80,aime2025,0.4895833333333333,,,0.8333333333333334
4B main,qwen3-4b-16k,traj,qwen3-4b,trajectory_entropy,none,16384,16384,105,livecodebench_v5,0.3844086021505376,0.46210957501280087,0.4910394265232975,
4B main,qwen3-4b-16k,traj,qwen3-4b,trajectory_entropy,none,16384,16384,105,livecodebench_v6,0.24428571428571427,0.3026938775510204,0.32,
4B main,qwen3-4b-16k,traj,qwen3-4b,trajectory_entropy,none,16384,16384,105,aime2024,0.6104166666666667,,,0.8333333333333334
4B main,qwen3-4b-16k,traj,qwen3-4b,trajectory_entropy,none,16384,16384,105,aime2025,0.5010416666666667,,,0.8666666666666667
4B main,qwen3-4b-16k,prob,qwen3-4b,prob_disparity,none,16384,16384,20,livecodebench_v5,0.41084229390681004,0.49175627240143366,0.5161290322580645,
4B main,qwen3-4b-16k,prob,qwen3-4b,prob_disparity,none,16384,16384,20,livecodebench_v6,0.2592857142857143,0.29942857142857143,0.30857142857142855,
4B main,qwen3-4b-16k,prob,qwen3-4b,prob_disparity,none,16384,16384,20,aime2024,0.628125,,,0.8333333333333334
4B main,qwen3-4b-16k,prob,qwen3-4b,prob_disparity,none,16384,16384,20,aime2025,0.5270833333333333,,,0.7666666666666667
4B main,qwen3-4b-16k,prob,qwen3-4b,prob_disparity,none,16384,16384,50,livecodebench_v5,0.4018817204301075,0.48125960061443945,0.5053763440860215,
4B main,qwen3-4b-16k,prob,qwen3-4b,prob_disparity,none,16384,16384,50,livecodebench_v6,0.2592857142857143,0.30906122448979595,0.32,
4B main,qwen3-4b-16k,prob,qwen3-4b,prob_disparity,none,16384,16384,50,aime2024,0.6291666666666667,,,0.8333333333333334
4B main,qwen3-4b-16k,prob,qwen3-4b,prob_disparity,none,16384,16384,50,aime2025,0.5125,,,0.8333333333333334
4B main,qwen3-4b-16k,prob,qwen3-4b,prob_disparity,none,16384,16384,80,livecodebench_v5,0.38620071684587814,0.47516641065028165,0.5053763440860215,
4B main,qwen3-4b-16k,prob,qwen3-4b,prob_disparity,none,16384,16384,80,livecodebench_v6,0.26071428571428573,0.3062857142857143,0.32571428571428573,
4B main,qwen3-4b-16k,prob,qwen3-4b,prob_disparity,none,16384,16384,80,aime2024,0.6197916666666666,,,0.8666666666666667
4B main,qwen3-4b-16k,prob,qwen3-4b,prob_disparity,none,16384,16384,80,aime2025,0.5041666666666667,,,0.8666666666666667
4B main,qwen3-4b-16k,prob,qwen3-4b,prob_disparity,none,16384,16384,105,livecodebench_v5,0.3839605734767025,0.47716333845366105,0.5125448028673835,
4B main,qwen3-4b-16k,prob,qwen3-4b,prob_disparity,none,16384,16384,105,livecodebench_v6,0.25142857142857145,0.31151020408163266,0.3314285714285714,
4B main,qwen3-4b-16k,prob,qwen3-4b,prob_disparity,none,16384,16384,105,aime2024,0.625,,,0.8333333333333334
4B main,qwen3-4b-16k,prob,qwen3-4b,prob_disparity,none,16384,16384,105,aime2025,0.49270833333333336,,,0.8333333333333334
7B main,swe-rl,swe-rl-grpo,coder7b,grpo,none,8192,16384,20,livecodebench_v5,0.17159498207885304,0.25043522785458266,0.2831541218637993,
7B main,swe-rl,swe-rl-grpo,coder7b,grpo,none,8192,16384,20,livecodebench_v6,0.1442857142857143,0.2,0.22285714285714286,
7B main,swe-rl,swe-rl-grpo,coder7b,grpo,none,8192,16384,20,aime2024,0.071875,,,0.36666666666666664
7B main,swe-rl,swe-rl-grpo,coder7b,grpo,none,8192,16384,20,aime2025,0.04375,,,0.23333333333333334
7B main,swe-rl,swe-rl-grpo,coder7b,grpo,none,8192,8192,20,livecodebench_v5,0.17697132616487454,0.2538658474142345,0.2867383512544803,
7B main,swe-rl,swe-rl-grpo,coder7b,grpo,none,8192,8192,20,livecodebench_v6,0.1442857142857143,0.19355102040816327,0.2057142857142857,
7B main,swe-rl,swe-rl-grpo,coder7b,grpo,none,8192,8192,20,aime2024,0.0875,,,0.3333333333333333
7B main,swe-rl,swe-rl-grpo,coder7b,grpo,none,8192,8192,20,aime2025,0.027083333333333334,,,0.3
7B main,swe-rl,swe-rl-grpo,coder7b,grpo,none,8192,16384,50,livecodebench_v5,0.1971326164874552,0.2742959549411162,0.2974910394265233,
7B main,swe-rl,swe-rl-grpo,coder7b,grpo,none,8192,16384,50,livecodebench_v6,0.1692857142857143,0.2139591836734694,0.22857142857142856,
7B main,swe-rl,swe-rl-grpo,coder7b,grpo,none,8192,16384,50,aime2024,0.0875,,,0.3
7B main,swe-rl,swe-rl-grpo,coder7b,grpo,none,8192,16384,50,aime2025,0.06458333333333334,,,0.36666666666666664
7B main,swe-rl,swe-rl-grpo,coder7b,grpo,none,8192,8192,50,livecodebench_v5,0.1863799283154122,0.24982078853046596,0.26881720430107525,
7B main,swe-rl,swe-rl-grpo,coder7b,grpo,none,8192,8192,50,livecodebench_v6,0.16,0.1993469387755102,0.21714285714285714,
7B main,swe-rl,swe-rl-grpo,coder7b,grpo,none,8192,8192,50,aime2024,0.0875,,,0.3333333333333333
7B main,swe-rl,swe-rl-grpo,coder7b,grpo,none,8192,8192,50,aime2025,0.052083333333333336,,,0.3333333333333333
7B main,swe-rl,swe-rl-grpo,coder7b,grpo,none,8192,16384,80,livecodebench_v5,0.20922939068100357,0.25985663082437277,0.2831541218637993,
7B main,swe-rl,swe-rl-grpo,coder7b,grpo,none,8192,16384,80,livecodebench_v6,0.1742857142857143,0.20187755102040816,0.21714285714285714,
7B main,swe-rl,swe-rl-grpo,coder7b,grpo,none,8192,16384,80,aime2024,0.07604166666666666,,,0.23333333333333334
7B main,swe-rl,swe-rl-grpo,coder7b,grpo,none,8192,16384,80,aime2025,0.046875,,,0.26666666666666666
7B main,swe-rl,swe-rl-grpo,coder7b,grpo,none,8192,8192,80,livecodebench_v5,0.20743727598566308,0.2625192012288786,0.27956989247311825,
7B main,swe-rl,swe-rl-grpo,coder7b,grpo,none,8192,8192,80,livecodebench_v6,0.16071428571428573,0.19020408163265307,0.2057142857142857,
7B main,swe-rl,swe-rl-grpo,coder7b,grpo,none,8192,8192,80,aime2024,0.07916666666666666,,,0.3
7B main,swe-rl,swe-rl-grpo,coder7b,grpo,none,8192,8192,80,aime2025,0.05,,,0.3333333333333333
7B main,swe-rl,swe-rl-grpo,coder7b,grpo,none,8192,16384,105,livecodebench_v5,0.21415770609318996,0.2705069124423963,0.2867383512544803,
7B main,swe-rl,swe-rl-grpo,coder7b,grpo,none,8192,16384,105,livecodebench_v6,0.1707142857142857,0.19836734693877553,0.21142857142857144,
7B main,swe-rl,swe-rl-grpo,coder7b,grpo,none,8192,16384,105,aime2024,0.0875,,,0.3
7B main,swe-rl,swe-rl-grpo,coder7b,grpo,none,8192,16384,105,aime2025,0.04791666666666667,,,0.36666666666666664
7B main,swe-rl,swe-rl-grpo,coder7b,grpo,none,8192,8192,105,livecodebench_v5,0.22087813620071683,0.26866359447004606,0.2831541218637993,
7B main,swe-rl,swe-rl-grpo,coder7b,grpo,none,8192,8192,105,livecodebench_v6,0.1742857142857143,0.21159183673469387,0.22285714285714286,
7B main,swe-rl,swe-rl-grpo,coder7b,grpo,none,8192,8192,105,aime2024,0.09375,,,0.43333333333333335
7B main,swe-rl,swe-rl-grpo,coder7b,grpo,none,8192,8192,105,aime2025,0.04583333333333333,,,0.36666666666666664
7B main,swe-rl,swe-rl-intuitor,coder7b,intuitor,none,8192,16384,20,livecodebench_v5,0.17831541218637992,0.24700460829493087,0.2724014336917563,
7B main,swe-rl,swe-rl-intuitor,coder7b,intuitor,none,8192,16384,20,livecodebench_v6,0.16642857142857143,0.20130612244897958,0.21142857142857144,
7B main,swe-rl,swe-rl-intuitor,coder7b,intuitor,none,8192,16384,20,aime2024,0.08020833333333334,,,0.26666666666666666
7B main,swe-rl,swe-rl-intuitor,coder7b,intuitor,none,8192,16384,20,aime2025,0.04791666666666667,,,0.26666666666666666
7B main,swe-rl,swe-rl-intuitor,coder7b,intuitor,none,8192,8192,20,livecodebench_v5,0.1742831541218638,0.23758320532514082,0.25806451612903225,
7B main,swe-rl,swe-rl-intuitor,coder7b,intuitor,none,8192,8192,20,livecodebench_v6,0.16214285714285714,0.1999183673469388,0.21142857142857144,
7B main,swe-rl,swe-rl-intuitor,coder7b,intuitor,none,8192,8192,20,aime2024,0.0875,,,0.3
7B main,swe-rl,swe-rl-intuitor,coder7b,intuitor,none,8192,8192,20,aime2025,0.04375,,,0.36666666666666664
7B main,swe-rl,swe-rl-intuitor,coder7b,intuitor,none,8192,16384,50,livecodebench_v5,0.13082437275985664,0.17588325652841783,0.1971326164874552,
7B main,swe-rl,swe-rl-intuitor,coder7b,intuitor,none,8192,16384,50,livecodebench_v6,0.10571428571428572,0.13053061224489795,0.14285714285714285,
7B main,swe-rl,swe-rl-intuitor,coder7b,intuitor,none,8192,16384,50,aime2024,0.09479166666666666,,,0.36666666666666664
7B main,swe-rl,swe-rl-intuitor,coder7b,intuitor,none,8192,16384,50,aime2025,0.040625,,,0.26666666666666666
7B main,swe-rl,swe-rl-intuitor,coder7b,intuitor,none,8192,8192,50,livecodebench_v5,0.1339605734767025,0.17501280081925247,0.1935483870967742,
7B main,swe-rl,swe-rl-intuitor,coder7b,intuitor,none,8192,8192,50,livecodebench_v6,0.10071428571428571,0.11951020408163265,0.12571428571428572,
7B main,swe-rl,swe-rl-intuitor,coder7b,intuitor,none,8192,8192,50,aime2024,0.090625,,,0.3
7B main,swe-rl,swe-rl-intuitor,coder7b,intuitor,none,8192,8192,50,aime2025,0.053125,,,0.36666666666666664
7B main,swe-rl,swe-rl-intuitor,coder7b,intuitor,none,8192,16384,80,livecodebench_v5,0.15905017921146952,0.19856630824372762,0.2114695340501792,
7B main,swe-rl,swe-rl-intuitor,coder7b,intuitor,none,8192,16384,80,livecodebench_v6,0.13,0.14685714285714288,0.15428571428571428,
7B main,swe-rl,swe-rl-intuitor,coder7b,intuitor,none,8192,16384,80,aime2024,0.078125,,,0.23333333333333334
7B main,swe-rl,swe-rl-intuitor,coder7b,intuitor,none,8192,16384,80,aime2025,0.0375,,,0.26666666666666666
7B main,swe-rl,swe-rl-intuitor,coder7b,intuitor,none,8192,8192,80,livecodebench_v5,0.15905017921146952,0.1923195084485407,0.20430107526881722,
7B main,swe-rl,swe-rl-intuitor,coder7b,intuitor,none,8192,8192,80,livecodebench_v6,0.12714285714285714,0.13877551020408163,0.14857142857142858,
7B main,swe-rl,swe-rl-intuitor,coder7b,intuitor,none,8192,8192,80,aime2024,0.09270833333333334,,,0.26666666666666666
7B main,swe-rl,swe-rl-intuitor,coder7b,intuitor,none,8192,8192,80,aime2025,0.040625,,,0.2
7B main,swe-rl,swe-rl-intuitor,coder7b,intuitor,none,8192,16384,105,livecodebench_v5,0.135752688172043,0.16538658474142343,0.17921146953405018,
7B main,swe-rl,swe-rl-intuitor,coder7b,intuitor,none,8192,16384,105,livecodebench_v6,0.11285714285714285,0.13085714285714284,0.13714285714285715,
7B main,swe-rl,swe-rl-intuitor,coder7b,intuitor,none,8192,16384,105,aime2024,0.090625,,,0.3
7B main,swe-rl,swe-rl-intuitor,coder7b,intuitor,none,8192,16384,105,aime2025,0.046875,,,0.36666666666666664
7B main,swe-rl,swe-rl-intuitor,coder7b,intuitor,none,8192,8192,105,livecodebench_v5,0.14068100358422939,0.17291346646185357,0.1863799283154122,
7B main,swe-rl,swe-rl-intuitor,coder7b,intuitor,none,8192,8192,105,livecodebench_v6,0.10714285714285714,0.12718367346938778,0.13142857142857142,
7B main,swe-rl,swe-rl-intuitor,coder7b,intuitor,none,8192,8192,105,aime2024,0.09791666666666667,,,0.3333333333333333
7B main,swe-rl,swe-rl-intuitor,coder7b,intuitor,none,8192,8192,105,aime2025,0.04479166666666667,,,0.26666666666666666
7B main,swe-rl,swe-rl-token_entropy,coder7b,token_entropy,none,8192,16384,20,livecodebench_v5,0.17114695340501793,0.23937532002048129,0.26881720430107525,
7B main,swe-rl,swe-rl-token_entropy,coder7b,token_entropy,none,8192,16384,20,livecodebench_v6,0.15428571428571428,0.19053061224489795,0.2,
7B main,swe-rl,swe-rl-token_entropy,coder7b,token_entropy,none,8192,16384,20,aime2024,0.08333333333333333,,,0.3
7B main,swe-rl,swe-rl-token_entropy,coder7b,token_entropy,none,8192,16384,20,aime2025,0.057291666666666664,,,0.3
7B main,swe-rl,swe-rl-token_entropy,coder7b,token_entropy,none,8192,8192,20,livecodebench_v5,0.17114695340501793,0.23604710701484896,0.26523297491039427,
7B main,swe-rl,swe-rl-token_entropy,coder7b,token_entropy,none,8192,8192,20,livecodebench_v6,0.15857142857142856,0.18930612244897957,0.19428571428571428,
7B main,swe-rl,swe-rl-token_entropy,coder7b,token_entropy,none,8192,8192,20,aime2024,0.084375,,,0.23333333333333334
7B main,swe-rl,swe-rl-token_entropy,coder7b,token_entropy,none,8192,8192,20,aime2025,0.041666666666666664,,,0.26666666666666666
7B main,swe-rl,swe-rl-token_entropy,coder7b,token_entropy,none,8192,16384,50,livecodebench_v5,0.1693548387096774,0.20593958013312852,0.21863799283154123,
7B main,swe-rl,swe-rl-token_entropy,coder7b,token_entropy,none,8192,16384,50,livecodebench_v6,0.16071428571428573,0.17224489795918368,0.17714285714285713,
7B main,swe-rl,swe-rl-token_entropy,coder7b,token_entropy,none,8192,16384,50,aime2024,0.09375,,,0.3333333333333333
7B main,swe-rl,swe-rl-token_entropy,coder7b,token_entropy,none,8192,16384,50,aime2025,0.035416666666666666,,,0.23333333333333334
7B main,swe-rl,swe-rl-token_entropy,coder7b,token_entropy,none,8192,8192,50,livecodebench_v5,0.16756272401433692,0.2019457245263697,0.2222222222222222,
7B main,swe-rl,swe-rl-token_entropy,coder7b,token_entropy,none,8192,8192,50,livecodebench_v6,0.16,0.17387755102040817,0.18285714285714286,
7B main,swe-rl,swe-rl-token_entropy,coder7b,token_entropy,none,8192,8192,50,aime2024,0.09479166666666666,,,0.26666666666666666
7B main,swe-rl,swe-rl-token_entropy,coder7b,token_entropy,none,8192,8192,50,aime2025,0.046875,,,0.3333333333333333
7B main,swe-rl,swe-rl-token_entropy,coder7b,token_entropy,none,8192,16384,80,livecodebench_v5,0.17069892473118278,0.20194572452636972,0.21505376344086022,
7B main,swe-rl,swe-rl-token_entropy,coder7b,token_entropy,none,8192,16384,80,livecodebench_v6,0.15428571428571428,0.15428571428571428,0.15428571428571428,
7B main,swe-rl,swe-rl-token_entropy,coder7b,token_entropy,none,8192,16384,80,aime2024,0.09270833333333334,,,0.26666666666666666
7B main,swe-rl,swe-rl-token_entropy,coder7b,token_entropy,none,8192,16384,80,aime2025,0.04375,,,0.3
7B main,swe-rl,swe-rl-token_entropy,coder7b,token_entropy,none,8192,8192,80,livecodebench_v5,0.1863799283154122,0.21274961597542244,0.2222222222222222,
7B main,swe-rl,swe-rl-token_entropy,coder7b,token_entropy,none,8192,8192,80,livecodebench_v6,0.15714285714285714,0.16448979591836735,0.17142857142857143,
7B main,swe-rl,swe-rl-token_entropy,coder7b,token_entropy,none,8192,8192,80,aime2024,0.08541666666666667,,,0.3333333333333333
7B main,swe-rl,swe-rl-token_entropy,coder7b,token_entropy,none,8192,8192,80,aime2025,0.05625,,,0.3333333333333333
7B main,swe-rl,swe-rl-token_entropy,coder7b,token_entropy,none,8192,16384,105,livecodebench_v5,0.16487455197132617,0.19365079365079363,0.20430107526881722,
7B main,swe-rl,swe-rl-token_entropy,coder7b,token_entropy,none,8192,16384,105,livecodebench_v6,0.15214285714285714,0.15714285714285714,0.16,
7B main,swe-rl,swe-rl-token_entropy,coder7b,token_entropy,none,8192,16384,105,aime2024,0.09895833333333333,,,0.26666666666666666
7B main,swe-rl,swe-rl-token_entropy,coder7b,token_entropy,none,8192,16384,105,aime2025,0.04895833333333333,,,0.3
7B main,swe-rl,swe-rl-token_entropy,coder7b,token_entropy,none,8192,8192,105,livecodebench_v5,0.17025089605734767,0.20051203277009733,0.2114695340501792,
7B main,swe-rl,swe-rl-token_entropy,coder7b,token_entropy,none,8192,8192,105,livecodebench_v6,0.15571428571428572,0.16285714285714287,0.17142857142857143,
7B main,swe-rl,swe-rl-token_entropy,coder7b,token_entropy,none,8192,8192,105,aime2024,0.0875,,,0.4
7B main,swe-rl,swe-rl-token_entropy,coder7b,token_entropy,none,8192,8192,105,aime2025,0.057291666666666664,,,0.3
7B main,swe-rl,swe-rl-trajectory_entropy,coder7b,trajectory_entropy,none,8192,16384,20,livecodebench_v5,0.17025089605734767,0.23328213005632362,0.25806451612903225,
7B main,swe-rl,swe-rl-trajectory_entropy,coder7b,trajectory_entropy,none,8192,16384,20,livecodebench_v6,0.15857142857142856,0.18938775510204078,0.2,
7B main,swe-rl,swe-rl-trajectory_entropy,coder7b,trajectory_entropy,none,8192,16384,20,aime2024,0.08020833333333334,,,0.36666666666666664
7B main,swe-rl,swe-rl-trajectory_entropy,coder7b,trajectory_entropy,none,8192,16384,20,aime2025,0.04583333333333333,,,0.36666666666666664
7B main,swe-rl,swe-rl-trajectory_entropy,coder7b,trajectory_entropy,none,8192,8192,20,livecodebench_v5,0.1639784946236559,0.21705069124423965,0.24372759856630824,
7B main,swe-rl,swe-rl-trajectory_entropy,coder7b,trajectory_entropy,none,8192,8192,20,livecodebench_v6,0.15857142857142856,0.18685714285714286,0.2,
7B main,swe-rl,swe-rl-trajectory_entropy,coder7b,trajectory_entropy,none,8192,8192,20,aime2024,0.08541666666666667,,,0.36666666666666664
7B main,swe-rl,swe-rl-trajectory_entropy,coder7b,trajectory_entropy,none,8192,8192,20,aime2025,0.03854166666666667,,,0.26666666666666666
7B main,swe-rl,swe-rl-trajectory_entropy,coder7b,trajectory_entropy,none,8192,16384,50,livecodebench_v5,0.15143369175627241,0.17342549923195086,0.17921146953405018,
7B main,swe-rl,swe-rl-trajectory_entropy,coder7b,trajectory_entropy,none,8192,16384,50,livecodebench_v6,0.15642857142857142,0.16408163265306122,0.1657142857142857,
7B main,swe-rl,swe-rl-trajectory_entropy,coder7b,trajectory_entropy,none,8192,16384,50,aime2024,0.08958333333333333,,,0.3
7B main,swe-rl,swe-rl-trajectory_entropy,coder7b,trajectory_entropy,none,8192,16384,50,aime2025,0.04791666666666667,,,0.3
7B main,swe-rl,swe-rl-trajectory_entropy,coder7b,trajectory_entropy,none,8192,8192,50,livecodebench_v5,0.15143369175627241,0.17342549923195086,0.17921146953405018,
7B main,swe-rl,swe-rl-trajectory_entropy,coder7b,trajectory_entropy,none,8192,8192,50,livecodebench_v6,0.15571428571428572,0.15877551020408162,0.16,
7B main,swe-rl,swe-rl-trajectory_entropy,coder7b,trajectory_entropy,none,8192,8192,50,aime2024,0.08125,,,0.23333333333333334
7B main,swe-rl,swe-rl-trajectory_entropy,coder7b,trajectory_entropy,none,8192,8192,50,aime2025,0.04479166666666667,,,0.3333333333333333
7B main,swe-rl,swe-rl-trajectory_entropy,coder7b,trajectory_entropy,none,8192,16384,80,livecodebench_v5,0.15412186379928317,0.16866359447004609,0.17562724014336917,
7B main,swe-rl,swe-rl-trajectory_entropy,coder7b,trajectory_entropy,none,8192,16384,80,livecodebench_v6,0.15428571428571428,0.15877551020408162,0.16,
7B main,swe-rl,swe-rl-trajectory_entropy,coder7b,trajectory_entropy,none,8192,16384,80,aime2024,0.10729166666666666,,,0.36666666666666664
7B main,swe-rl,swe-rl-trajectory_entropy,coder7b,trajectory_entropy,none,8192,16384,80,aime2025,0.041666666666666664,,,0.3333333333333333
7B main,swe-rl,swe-rl-trajectory_entropy,coder7b,trajectory_entropy,none,8192,8192,80,livecodebench_v5,0.15367383512544802,0.16661546338965694,0.17204301075268819,
7B main,swe-rl,swe-rl-trajectory_entropy,coder7b,trajectory_entropy,none,8192,8192,80,livecodebench_v6,0.15428571428571428,0.15877551020408162,0.16,
7B main,swe-rl,swe-rl-trajectory_entropy,coder7b,trajectory_entropy,none,8192,8192,80,aime2024,0.08645833333333333,,,0.3
7B main,swe-rl,swe-rl-trajectory_entropy,coder7b,trajectory_entropy,none,8192,8192,80,aime2025,0.041666666666666664,,,0.26666666666666666
7B main,swe-rl,swe-rl-trajectory_entropy,coder7b,trajectory_entropy,none,8192,16384,105,livecodebench_v5,0.15681003584229392,0.17419354838709677,0.17921146953405018,
7B main,swe-rl,swe-rl-trajectory_entropy,coder7b,trajectory_entropy,none,8192,16384,105,livecodebench_v6,0.16642857142857143,0.17020408163265305,0.17142857142857143,
7B main,swe-rl,swe-rl-trajectory_entropy,coder7b,trajectory_entropy,none,8192,16384,105,aime2024,0.08645833333333333,,,0.26666666666666666
7B main,swe-rl,swe-rl-trajectory_entropy,coder7b,trajectory_entropy,none,8192,16384,105,aime2025,0.051041666666666666,,,0.3
7B main,swe-rl,swe-rl-trajectory_entropy,coder7b,trajectory_entropy,none,8192,8192,105,livecodebench_v5,0.1532258064516129,0.17168458781362006,0.17921146953405018,
7B main,swe-rl,swe-rl-trajectory_entropy,coder7b,trajectory_entropy,none,8192,8192,105,livecodebench_v6,0.16714285714285715,0.17102040816326533,0.17142857142857143,
7B main,swe-rl,swe-rl-trajectory_entropy,coder7b,trajectory_entropy,none,8192,8192,105,aime2024,0.08229166666666667,,,0.3
7B main,swe-rl,swe-rl-trajectory_entropy,coder7b,trajectory_entropy,none,8192,8192,105,aime2025,0.0375,,,0.26666666666666666
7B main,swe-rl,swe-rl-prob_disparity,coder7b,prob_disparity,none,8192,16384,20,livecodebench_v5,0.16577060931899643,0.23527905785970302,0.26523297491039427,
7B main,swe-rl,swe-rl-prob_disparity,coder7b,prob_disparity,none,8192,16384,20,livecodebench_v6,0.15785714285714286,0.19240816326530613,0.2057142857142857,
7B main,swe-rl,swe-rl-prob_disparity,coder7b,prob_disparity,none,8192,16384,20,aime2024,0.07395833333333333,,,0.26666666666666666
7B main,swe-rl,swe-rl-prob_disparity,coder7b,prob_disparity,none,8192,16384,20,aime2025,0.03958333333333333,,,0.26666666666666666
7B main,swe-rl,swe-rl-prob_disparity,coder7b,prob_disparity,none,8192,8192,20,livecodebench_v5,0.16980286738351255,0.23154121863799282,0.2616487455197133,
7B main,swe-rl,swe-rl-prob_disparity,coder7b,prob_disparity,none,8192,8192,20,livecodebench_v6,0.15928571428571428,0.19004081632653064,0.2,
7B main,swe-rl,swe-rl-prob_disparity,coder7b,prob_disparity,none,8192,8192,20,aime2024,0.09270833333333334,,,0.43333333333333335
7B main,swe-rl,swe-rl-prob_disparity,coder7b,prob_disparity,none,8192,8192,20,aime2025,0.0375,,,0.3
7B main,swe-rl,swe-rl-prob_disparity,coder7b,prob_disparity,none,8192,16384,50,livecodebench_v5,0.16487455197132617,0.2050179211469534,0.22939068100358423,
7B main,swe-rl,swe-rl-prob_disparity,coder7b,prob_disparity,none,8192,16384,50,livecodebench_v6,0.15357142857142858,0.16963265306122446,0.17714285714285713,
7B main,swe-rl,swe-rl-prob_disparity,coder7b,prob_disparity,none,8192,16384,50,aime2024,0.08645833333333333,,,0.4
7B main,swe-rl,swe-rl-prob_disparity,coder7b,prob_disparity,none,8192,16384,50,aime2025,0.041666666666666664,,,0.26666666666666666
7B main,swe-rl,swe-rl-prob_disparity,coder7b,prob_disparity,none,8192,8192,50,livecodebench_v5,0.16980286738351255,0.20245775729646695,0.21505376344086022,
7B main,swe-rl,swe-rl-prob_disparity,coder7b,prob_disparity,none,8192,8192,50,livecodebench_v6,0.15857142857142856,0.17755102040816326,0.18857142857142858,
7B main,swe-rl,swe-rl-prob_disparity,coder7b,prob_disparity,none,8192,8192,50,aime2024,0.09166666666666666,,,0.3
7B main,swe-rl,swe-rl-prob_disparity,coder7b,prob_disparity,none,8192,8192,50,aime2025,0.03958333333333333,,,0.23333333333333334
7B main,swe-rl,swe-rl-prob_disparity,coder7b,prob_disparity,none,8192,16384,80,livecodebench_v5,0.16577060931899643,0.2060931899641577,0.21863799283154123,
7B main,swe-rl,swe-rl-prob_disparity,coder7b,prob_disparity,none,8192,16384,80,livecodebench_v6,0.15571428571428572,0.16277551020408165,0.1657142857142857,
7B main,swe-rl,swe-rl-prob_disparity,coder7b,prob_disparity,none,8192,16384,80,aime2024,0.09166666666666666,,,0.36666666666666664
7B main,swe-rl,swe-rl-prob_disparity,coder7b,prob_disparity,none,8192,16384,80,aime2025,0.052083333333333336,,,0.3
7B main,swe-rl,swe-rl-prob_disparity,coder7b,prob_disparity,none,8192,8192,80,livecodebench_v5,0.16756272401433692,0.2006656426011265,0.2114695340501792,
7B main,swe-rl,swe-rl-prob_disparity,coder7b,prob_disparity,none,8192,8192,80,livecodebench_v6,0.15928571428571428,0.16816326530612247,0.17142857142857143,
7B main,swe-rl,swe-rl-prob_disparity,coder7b,prob_disparity,none,8192,8192,80,aime2024,0.07916666666666666,,,0.3
7B main,swe-rl,swe-rl-prob_disparity,coder7b,prob_disparity,none,8192,8192,80,aime2025,0.04375,,,0.3
7B main,swe-rl,swe-rl-prob_disparity,coder7b,prob_disparity,none,8192,16384,105,livecodebench_v5,0.17338709677419356,0.20307219662058373,0.2114695340501792,
7B main,swe-rl,swe-rl-prob_disparity,coder7b,prob_disparity,none,8192,16384,105,livecodebench_v6,0.13642857142857143,0.14448979591836733,0.14857142857142858,
7B main,swe-rl,swe-rl-prob_disparity,coder7b,prob_disparity,none,8192,16384,105,aime2024,0.09375,,,0.26666666666666666
7B main,swe-rl,swe-rl-prob_disparity,coder7b,prob_disparity,none,8192,16384,105,aime2025,0.05416666666666667,,,0.26666666666666666
7B main,swe-rl,swe-rl-prob_disparity,coder7b,prob_disparity,none,8192,8192,105,livecodebench_v5,0.17114695340501793,0.20691244239631337,0.21863799283154123,
7B main,swe-rl,swe-rl-prob_disparity,coder7b,prob_disparity,none,8192,8192,105,livecodebench_v6,0.13285714285714287,0.14155102040816328,0.14285714285714285,
7B main,swe-rl,swe-rl-prob_disparity,coder7b,prob_disparity,none,8192,8192,105,aime2024,0.08645833333333333,,,0.3
7B main,swe-rl,swe-rl-prob_disparity,coder7b,prob_disparity,none,8192,8192,105,aime2025,0.04583333333333333,,,0.3333333333333333
7B +KL,swe-rl-kl,swe-rl-intuitor-kl,coder7b,intuitor,kl,8192,16384,20,livecodebench_v5,0.17293906810035842,0.24234511008704557,0.26881720430107525,
7B +KL,swe-rl-kl,swe-rl-intuitor-kl,coder7b,intuitor,kl,8192,16384,20,livecodebench_v6,0.165,0.20628571428571427,0.22285714285714286,
7B +KL,swe-rl-kl,swe-rl-intuitor-kl,coder7b,intuitor,kl,8192,16384,20,aime2024,0.084375,,,0.26666666666666666
7B +KL,swe-rl-kl,swe-rl-intuitor-kl,coder7b,intuitor,kl,8192,16384,20,aime2025,0.051041666666666666,,,0.3333333333333333
7B +KL,swe-rl-kl,swe-rl-intuitor-kl,coder7b,intuitor,kl,8192,8192,20,aime2024,0.08229166666666667,,,0.26666666666666666
7B +KL,swe-rl-kl,swe-rl-intuitor-kl,coder7b,intuitor,kl,8192,8192,20,aime2025,0.040625,,,0.4
7B +KL,swe-rl-kl,swe-rl-intuitor-kl,coder7b,intuitor,kl,8192,16384,50,livecodebench_v5,0.14919354838709678,0.18755760368663596,0.1971326164874552,
7B +KL,swe-rl-kl,swe-rl-intuitor-kl,coder7b,intuitor,kl,8192,16384,50,livecodebench_v6,0.13285714285714287,0.15248979591836734,0.16,
7B +KL,swe-rl-kl,swe-rl-intuitor-kl,coder7b,intuitor,kl,8192,16384,50,aime2024,0.09270833333333334,,,0.4
7B +KL,swe-rl-kl,swe-rl-intuitor-kl,coder7b,intuitor,kl,8192,16384,50,aime2025,0.05,,,0.3
7B +KL,swe-rl-kl,swe-rl-intuitor-kl,coder7b,intuitor,kl,8192,8192,50,aime2024,0.08958333333333333,,,0.36666666666666664
7B +KL,swe-rl-kl,swe-rl-intuitor-kl,coder7b,intuitor,kl,8192,8192,50,aime2025,0.04895833333333333,,,0.23333333333333334
7B +KL,swe-rl-kl,swe-rl-intuitor-kl,coder7b,intuitor,kl,8192,16384,80,livecodebench_v5,0.10887096774193548,0.13799283154121864,0.15053763440860216,
7B +KL,swe-rl-kl,swe-rl-intuitor-kl,coder7b,intuitor,kl,8192,16384,80,livecodebench_v6,0.09214285714285714,0.10244897959183674,0.10857142857142857,
7B +KL,swe-rl-kl,swe-rl-intuitor-kl,coder7b,intuitor,kl,8192,16384,80,aime2024,0.09166666666666666,,,0.36666666666666664
7B +KL,swe-rl-kl,swe-rl-intuitor-kl,coder7b,intuitor,kl,8192,16384,80,aime2025,0.03958333333333333,,,0.23333333333333334
7B +KL,swe-rl-kl,swe-rl-intuitor-kl,coder7b,intuitor,kl,8192,8192,80,aime2024,0.09791666666666667,,,0.26666666666666666
7B +KL,swe-rl-kl,swe-rl-intuitor-kl,coder7b,intuitor,kl,8192,8192,80,aime2025,0.04479166666666667,,,0.23333333333333334
7B +KL,swe-rl-kl,swe-rl-intuitor-kl,coder7b,intuitor,kl,8192,16384,105,livecodebench_v5,0.10842293906810035,0.14147465437788018,0.15412186379928317,
7B +KL,swe-rl-kl,swe-rl-intuitor-kl,coder7b,intuitor,kl,8192,16384,105,livecodebench_v6,0.08785714285714286,0.09755102040816326,0.10285714285714286,
7B +KL,swe-rl-kl,swe-rl-intuitor-kl,coder7b,intuitor,kl,8192,16384,105,aime2024,0.08958333333333333,,,0.4
7B +KL,swe-rl-kl,swe-rl-intuitor-kl,coder7b,intuitor,kl,8192,16384,105,aime2025,0.041666666666666664,,,0.3333333333333333
7B +KL,swe-rl-kl,swe-rl-intuitor-kl,coder7b,intuitor,kl,8192,8192,105,aime2024,0.0875,,,0.3333333333333333
7B +KL,swe-rl-kl,swe-rl-intuitor-kl,coder7b,intuitor,kl,8192,8192,105,aime2025,0.040625,,,0.3
7B +KL,swe-rl-kl,swe-rl-token_entropy-kl,coder7b,token_entropy,kl,8192,16384,20,livecodebench_v5,0.16577060931899643,0.23399897593445979,0.2616487455197133,
7B +KL,swe-rl-kl,swe-rl-token_entropy-kl,coder7b,token_entropy,kl,8192,16384,20,livecodebench_v6,0.15285714285714286,0.18636734693877552,0.2,
7B +KL,swe-rl-kl,swe-rl-token_entropy-kl,coder7b,token_entropy,kl,8192,16384,20,aime2024,0.07708333333333334,,,0.26666666666666666
7B +KL,swe-rl-kl,swe-rl-token_entropy-kl,coder7b,token_entropy,kl,8192,16384,20,aime2025,0.05416666666666667,,,0.3333333333333333
7B +KL,swe-rl-kl,swe-rl-token_entropy-kl,coder7b,token_entropy,kl,8192,8192,20,aime2024,0.08958333333333333,,,0.23333333333333334
7B +KL,swe-rl-kl,swe-rl-token_entropy-kl,coder7b,token_entropy,kl,8192,8192,20,aime2025,0.030208333333333334,,,0.3
7B +KL,swe-rl-kl,swe-rl-token_entropy-kl,coder7b,token_entropy,kl,8192,16384,50,livecodebench_v5,0.1724910394265233,0.20471070148489504,0.2222222222222222,
7B +KL,swe-rl-kl,swe-rl-token_entropy-kl,coder7b,token_entropy,kl,8192,16384,50,livecodebench_v6,0.16,0.18693877551020407,0.2,
7B +KL,swe-rl-kl,swe-rl-token_entropy-kl,coder7b,token_entropy,kl,8192,16384,50,aime2024,0.0875,,,0.36666666666666664
7B +KL,swe-rl-kl,swe-rl-token_entropy-kl,coder7b,token_entropy,kl,8192,16384,50,aime2025,0.04375,,,0.23333333333333334
7B +KL,swe-rl-kl,swe-rl-token_entropy-kl,coder7b,token_entropy,kl,8192,8192,50,aime2024,0.078125,,,0.26666666666666666
7B +KL,swe-rl-kl,swe-rl-token_entropy-kl,coder7b,token_entropy,kl,8192,8192,50,aime2025,0.042708333333333334,,,0.3
7B +KL,swe-rl-kl,swe-rl-token_entropy-kl,coder7b,token_entropy,kl,8192,16384,80,livecodebench_v5,0.15905017921146952,0.19042498719918075,0.20430107526881722,
7B +KL,swe-rl-kl,swe-rl-token_entropy-kl,coder7b,token_entropy,kl,8192,16384,80,livecodebench_v6,0.16428571428571428,0.1657142857142857,0.1657142857142857,
7B +KL,swe-rl-kl,swe-rl-token_entropy-kl,coder7b,token_entropy,kl,8192,16384,80,aime2024,0.084375,,,0.26666666666666666
7B +KL,swe-rl-kl,swe-rl-token_entropy-kl,coder7b,token_entropy,kl,8192,16384,80,aime2025,0.05416666666666667,,,0.36666666666666664
7B +KL,swe-rl-kl,swe-rl-token_entropy-kl,coder7b,token_entropy,kl,8192,8192,80,aime2024,0.09479166666666666,,,0.3333333333333333
7B +KL,swe-rl-kl,swe-rl-token_entropy-kl,coder7b,token_entropy,kl,8192,8192,80,aime2025,0.052083333333333336,,,0.3
7B +KL,swe-rl-kl,swe-rl-token_entropy-kl,coder7b,token_entropy,kl,8192,16384,105,livecodebench_v5,0.16129032258064516,0.18448540706605224,0.18996415770609318,
7B +KL,swe-rl-kl,swe-rl-token_entropy-kl,coder7b,token_entropy,kl,8192,16384,105,livecodebench_v6,0.16357142857142856,0.1657142857142857,0.1657142857142857,
7B +KL,swe-rl-kl,swe-rl-token_entropy-kl,coder7b,token_entropy,kl,8192,16384,105,aime2024,0.078125,,,0.3
7B +KL,swe-rl-kl,swe-rl-token_entropy-kl,coder7b,token_entropy,kl,8192,16384,105,aime2025,0.03958333333333333,,,0.26666666666666666
7B +KL,swe-rl-kl,swe-rl-token_entropy-kl,coder7b,token_entropy,kl,8192,8192,105,aime2024,0.07916666666666666,,,0.26666666666666666
7B +KL,swe-rl-kl,swe-rl-token_entropy-kl,coder7b,token_entropy,kl,8192,8192,105,aime2025,0.03854166666666667,,,0.23333333333333334
7B +KL,swe-rl-kl,swe-rl-trajectory_entropy-kl,coder7b,trajectory_entropy,kl,8192,16384,20,livecodebench_v5,0.17517921146953405,0.23420378904249872,0.2616487455197133,
7B +KL,swe-rl-kl,swe-rl-trajectory_entropy-kl,coder7b,trajectory_entropy,kl,8192,16384,20,livecodebench_v6,0.15928571428571428,0.18718367346938772,0.19428571428571428,
7B +KL,swe-rl-kl,swe-rl-trajectory_entropy-kl,coder7b,trajectory_entropy,kl,8192,16384,20,aime2024,0.08541666666666667,,,0.3333333333333333
7B +KL,swe-rl-kl,swe-rl-trajectory_entropy-kl,coder7b,trajectory_entropy,kl,8192,16384,20,aime2025,0.040625,,,0.26666666666666666
7B +KL,swe-rl-kl,swe-rl-trajectory_entropy-kl,coder7b,trajectory_entropy,kl,8192,8192,20,aime2024,0.08125,,,0.3
7B +KL,swe-rl-kl,swe-rl-trajectory_entropy-kl,coder7b,trajectory_entropy,kl,8192,8192,20,aime2025,0.046875,,,0.3333333333333333
7B +KL,swe-rl-kl,swe-rl-trajectory_entropy-kl,coder7b,trajectory_entropy,kl,8192,16384,50,livecodebench_v5,0.15591397849462366,0.18151561699948796,0.1935483870967742,
7B +KL,swe-rl-kl,swe-rl-trajectory_entropy-kl,coder7b,trajectory_entropy,kl,8192,16384,50,livecodebench_v6,0.16,0.17020408163265305,0.17714285714285713,
7B +KL,swe-rl-kl,swe-rl-trajectory_entropy-kl,coder7b,trajectory_entropy,kl,8192,16384,50,aime2024,0.09166666666666666,,,0.36666666666666664
7B +KL,swe-rl-kl,swe-rl-trajectory_entropy-kl,coder7b,trajectory_entropy,kl,8192,16384,50,aime2025,0.03854166666666667,,,0.2
7B +KL,swe-rl-kl,swe-rl-trajectory_entropy-kl,coder7b,trajectory_entropy,kl,8192,8192,50,aime2024,0.075,,,0.26666666666666666
7B +KL,swe-rl-kl,swe-rl-trajectory_entropy-kl,coder7b,trajectory_entropy,kl,8192,16384,80,livecodebench_v5,0.15412186379928317,0.18151561699948796,0.1935483870967742,
7B +KL,swe-rl-kl,swe-rl-trajectory_entropy-kl,coder7b,trajectory_entropy,kl,8192,16384,80,livecodebench_v6,0.14857142857142858,0.15918367346938775,0.1657142857142857,
7B +KL,swe-rl-kl,swe-rl-trajectory_entropy-kl,coder7b,trajectory_entropy,kl,8192,16384,80,aime2024,0.08645833333333333,,,0.26666666666666666
7B +KL,swe-rl-kl,swe-rl-trajectory_entropy-kl,coder7b,trajectory_entropy,kl,8192,16384,80,aime2025,0.04791666666666667,,,0.23333333333333334
7B +KL,swe-rl-kl,swe-rl-trajectory_entropy-kl,coder7b,trajectory_entropy,kl,8192,8192,80,aime2024,0.07916666666666666,,,0.26666666666666666
7B +KL,swe-rl-kl,swe-rl-trajectory_entropy-kl,coder7b,trajectory_entropy,kl,8192,8192,80,aime2025,0.042708333333333334,,,0.3333333333333333
7B +KL,swe-rl-kl,swe-rl-trajectory_entropy-kl,coder7b,trajectory_entropy,kl,8192,16384,105,livecodebench_v5,0.16218637992831542,0.18044034818228366,0.18996415770609318,
7B +KL,swe-rl-kl,swe-rl-trajectory_entropy-kl,coder7b,trajectory_entropy,kl,8192,16384,105,livecodebench_v6,0.14214285714285715,0.1457142857142857,0.14857142857142858,
7B +KL,swe-rl-kl,swe-rl-trajectory_entropy-kl,coder7b,trajectory_entropy,kl,8192,16384,105,aime2024,0.08958333333333333,,,0.4
7B +KL,swe-rl-kl,swe-rl-trajectory_entropy-kl,coder7b,trajectory_entropy,kl,8192,16384,105,aime2025,0.04479166666666667,,,0.3
7B +KL,swe-rl-kl,swe-rl-trajectory_entropy-kl,coder7b,trajectory_entropy,kl,8192,8192,105,aime2024,0.08125,,,0.3
7B +KL,swe-rl-kl,swe-rl-trajectory_entropy-kl,coder7b,trajectory_entropy,kl,8192,8192,105,aime2025,0.05520833333333333,,,0.26666666666666666
7B +KL,swe-rl-kl,swe-rl-prob_disparity-kl,coder7b,prob_disparity,kl,8192,16384,20,livecodebench_v5,0.16442652329749105,0.23317972350230418,0.2616487455197133,
7B +KL,swe-rl-kl,swe-rl-prob_disparity-kl,coder7b,prob_disparity,kl,8192,16384,20,livecodebench_v6,0.15357142857142858,0.2017142857142857,0.21714285714285714,
7B +KL,swe-rl-kl,swe-rl-prob_disparity-kl,coder7b,prob_disparity,kl,8192,16384,20,aime2024,0.08333333333333333,,,0.3333333333333333
7B +KL,swe-rl-kl,swe-rl-prob_disparity-kl,coder7b,prob_disparity,kl,8192,16384,20,aime2025,0.04583333333333333,,,0.36666666666666664
7B +KL,swe-rl-kl,swe-rl-prob_disparity-kl,coder7b,prob_disparity,kl,8192,8192,20,aime2024,0.08125,,,0.26666666666666666
7B +KL,swe-rl-kl,swe-rl-prob_disparity-kl,coder7b,prob_disparity,kl,8192,8192,20,aime2025,0.034375,,,0.23333333333333334
7B +KL,swe-rl-kl,swe-rl-prob_disparity-kl,coder7b,prob_disparity,kl,8192,16384,50,livecodebench_v5,0.16666666666666666,0.20450588837685615,0.21863799283154123,
7B +KL,swe-rl-kl,swe-rl-prob_disparity-kl,coder7b,prob_disparity,kl,8192,16384,50,livecodebench_v6,0.16142857142857142,0.187265306122449,0.19428571428571428,
7B +KL,swe-rl-kl,swe-rl-prob_disparity-kl,coder7b,prob_disparity,kl,8192,16384,50,aime2024,0.08854166666666667,,,0.3
7B +KL,swe-rl-kl,swe-rl-prob_disparity-kl,coder7b,prob_disparity,kl,8192,16384,50,aime2025,0.04375,,,0.36666666666666664
7B +KL,swe-rl-kl,swe-rl-prob_disparity-kl,coder7b,prob_disparity,kl,8192,8192,50,aime2024,0.09375,,,0.3333333333333333
7B +KL,swe-rl-kl,swe-rl-prob_disparity-kl,coder7b,prob_disparity,kl,8192,8192,50,aime2025,0.04583333333333333,,,0.3333333333333333
7B +KL,swe-rl-kl,swe-rl-prob_disparity-kl,coder7b,prob_disparity,kl,8192,16384,80,livecodebench_v5,0.1617383512544803,0.19902713773681513,0.2114695340501792,
7B +KL,swe-rl-kl,swe-rl-prob_disparity-kl,coder7b,prob_disparity,kl,8192,16384,80,livecodebench_v6,0.15785714285714286,0.1653061224489796,0.17142857142857143,
7B +KL,swe-rl-kl,swe-rl-prob_disparity-kl,coder7b,prob_disparity,kl,8192,16384,80,aime2024,0.08229166666666667,,,0.3
7B +KL,swe-rl-kl,swe-rl-prob_disparity-kl,coder7b,prob_disparity,kl,8192,16384,80,aime2025,0.05625,,,0.26666666666666666
7B +KL,swe-rl-kl,swe-rl-prob_disparity-kl,coder7b,prob_disparity,kl,8192,8192,80,aime2024,0.09375,,,0.3
7B +KL,swe-rl-kl,swe-rl-prob_disparity-kl,coder7b,prob_disparity,kl,8192,8192,80,aime2025,0.04583333333333333,,,0.26666666666666666
7B +KL,swe-rl-kl,swe-rl-prob_disparity-kl,coder7b,prob_disparity,kl,8192,16384,105,livecodebench_v5,0.07571684587813621,0.09334357398873529,0.1003584229390681,
7B +KL,swe-rl-kl,swe-rl-prob_disparity-kl,coder7b,prob_disparity,kl,8192,16384,105,livecodebench_v6,0.027857142857142858,0.02857142857142857,0.02857142857142857,
7B +KL,swe-rl-kl,swe-rl-prob_disparity-kl,coder7b,prob_disparity,kl,8192,16384,105,aime2024,0.096875,,,0.26666666666666666
7B +KL,swe-rl-kl,swe-rl-prob_disparity-kl,coder7b,prob_disparity,kl,8192,16384,105,aime2025,0.052083333333333336,,,0.26666666666666666
7B +KL,swe-rl-kl,swe-rl-prob_disparity-kl,coder7b,prob_disparity,kl,8192,8192,105,aime2024,0.08125,,,0.3333333333333333
7B +KL,swe-rl-kl,swe-rl-prob_disparity-kl,coder7b,prob_disparity,kl,8192,8192,105,aime2025,0.046875,,,0.23333333333333334
7B random,swe-rl-random,grpo-random,coder7b,grpo,random,8192,16384,20,livecodebench_v5,0.14829749103942652,0.21259600614439325,0.24014336917562723,
7B random,swe-rl-random,grpo-random,coder7b,grpo,random,8192,16384,20,livecodebench_v6,0.14,0.19697959183673472,0.22285714285714286,
7B random,swe-rl-random,grpo-random,coder7b,grpo,random,8192,16384,20,aime2024,0.08125,,,0.3333333333333333
7B random,swe-rl-random,grpo-random,coder7b,grpo,random,8192,16384,20,aime2025,0.04583333333333333,,,0.3
7B random,swe-rl-random,grpo-random,coder7b,grpo,random,8192,8192,20,aime2024,0.08541666666666667,,,0.3333333333333333
7B random,swe-rl-random,grpo-random,coder7b,grpo,random,8192,8192,20,aime2025,0.030208333333333334,,,0.23333333333333334
7B random,swe-rl-random,grpo-random,coder7b,grpo,random,8192,16384,50,livecodebench_v5,0.15053763440860216,0.22672811059907835,0.26523297491039427,
7B random,swe-rl-random,grpo-random,coder7b,grpo,random,8192,16384,50,livecodebench_v6,0.1357142857142857,0.1845714285714286,0.21714285714285714,
7B random,swe-rl-random,grpo-random,coder7b,grpo,random,8192,16384,50,aime2024,0.07083333333333333,,,0.2
7B random,swe-rl-random,grpo-random,coder7b,grpo,random,8192,16384,50,aime2025,0.041666666666666664,,,0.26666666666666666
7B random,swe-rl-random,grpo-random,coder7b,grpo,random,8192,8192,50,aime2024,0.08541666666666667,,,0.4
7B random,swe-rl-random,grpo-random,coder7b,grpo,random,8192,8192,50,aime2025,0.046875,,,0.3333333333333333
7B random,swe-rl-random,grpo-random,coder7b,grpo,random,8192,16384,80,livecodebench_v5,0.1496415770609319,0.21433691756272402,0.24372759856630824,
7B random,swe-rl-random,grpo-random,coder7b,grpo,random,8192,16384,80,livecodebench_v6,0.13857142857142857,0.18310204081632653,0.21142857142857144,
7B random,swe-rl-random,grpo-random,coder7b,grpo,random,8192,16384,80,aime2024,0.07604166666666666,,,0.23333333333333334
7B random,swe-rl-random,grpo-random,coder7b,grpo,random,8192,16384,80,aime2025,0.04791666666666667,,,0.26666666666666666
7B random,swe-rl-random,grpo-random,coder7b,grpo,random,8192,8192,80,aime2024,0.075,,,0.26666666666666666
7B random,swe-rl-random,grpo-random,coder7b,grpo,random,8192,8192,80,aime2025,0.04375,,,0.36666666666666664
7B random,swe-rl-random,grpo-random,coder7b,grpo,random,8192,16384,105,livecodebench_v5,0.15456989247311828,0.22293906810035843,0.24731182795698925,
7B random,swe-rl-random,grpo-random,coder7b,grpo,random,8192,16384,105,livecodebench_v6,0.14214285714285715,0.1896326530612245,0.2057142857142857,
7B random,swe-rl-random,grpo-random,coder7b,grpo,random,8192,16384,105,aime2024,0.084375,,,0.3333333333333333
7B random,swe-rl-random,grpo-random,coder7b,grpo,random,8192,16384,105,aime2025,0.051041666666666666,,,0.3
7B random,swe-rl-random,grpo-random,coder7b,grpo,random,8192,8192,105,aime2024,0.07708333333333334,,,0.36666666666666664
7B random,swe-rl-random,grpo-random,coder7b,grpo,random,8192,8192,105,aime2025,0.042708333333333334,,,0.43333333333333335
1.5B base,step0,r1-1.5b-base,r1-1.5b,base,none,,16384,0,livecodebench_v5,0.1586021505376344,0.23978494623655916,0.27598566308243727,
1.5B base,step0,r1-1.5b-base,r1-1.5b,base,none,,16384,0,livecodebench_v6,0.13642857142857143,0.18391836734693875,0.2057142857142857,
1.5B base,step0,r1-1.5b-base,r1-1.5b,base,none,,16384,0,aime2024,0.28541666666666665,,,0.7
1.5B base,step0,r1-1.5b-base,r1-1.5b,base,none,,16384,0,aime2025,0.240625,,,0.5333333333333333
1.5B base,step0,r1-1.5b-base,r1-1.5b,base,none,,8192,0,livecodebench_v5,0.13082437275985664,0.1981566820276498,0.2222222222222222,
1.5B base,step0,r1-1.5b-base,r1-1.5b,base,none,,8192,0,livecodebench_v6,0.125,0.1657142857142857,0.18857142857142858,
1.5B base,step0,r1-1.5b-base,r1-1.5b,base,none,,8192,0,aime2024,0.22083333333333333,,,0.6666666666666666
1.5B base,step0,r1-1.5b-base,r1-1.5b,base,none,,8192,0,aime2025,0.221875,,,0.5
7B base,step0,coder-7b-base,coder7b,base,none,,16384,0,livecodebench_v5,0.14874551971326164,0.21843317972350232,0.24731182795698925,
7B base,step0,coder-7b-base,coder7b,base,none,,16384,0,livecodebench_v6,0.13214285714285715,0.17853061224489794,0.2,
7B base,step0,coder-7b-base,coder7b,base,none,,16384,0,aime2024,0.06770833333333333,,,0.3
7B base,step0,coder-7b-base,coder7b,base,none,,16384,0,aime2025,0.040625,,,0.36666666666666664
7B base,step0,coder-7b-base,coder7b,base,none,,8192,0,livecodebench_v5,0.15770609318996415,0.22688172043010751,0.25806451612903225,
7B base,step0,coder-7b-base,coder7b,base,none,,8192,0,livecodebench_v6,0.1357142857142857,0.18555102040816324,0.2057142857142857,
7B base,step0,coder-7b-base,coder7b,base,none,,8192,0,aime2024,0.08645833333333333,,,0.3333333333333333
7B base,step0,coder-7b-base,coder7b,base,none,,8192,0,aime2025,0.041666666666666664,,,0.23333333333333334
